Workbook

Sheet CALENDARIO
A1: Jogo | B1: Data | C1: Hora | D1: Time 1 | E1: Placar 1 | F1: x | G1: Placar 2 | H1: Time 2 | I1: Grupo | J1: Rodada | K1: DataHora
A2: 1 | B2: 46184 | C2: 0.66666667 | D2: México | F2: x | H2: África do Sul | I2: Grupo A | J2: 1ª rodada | K2: =B2+C2 -> 46184.667
A3: 2 | B3: 46184 | C3: 0.95833333 | D3: República da Coreia | F3: x | H3: República Tcheca | I3: Grupo A | J3: 1ª rodada | K3: =B3+C3 -> 46184.958
A4: 3 | B4: 46185 | C4: 0.66666667 | D4: Canadá | F4: x | H4: Bósnia e Herzegovina | I4: Grupo B | J4: 1ª rodada | K4: =B4+C4 -> 46185.667
A5: 4 | B5: 46185 | C5: 0.91666667 | D5: Estados Unidos | F5: x | H5: Paraguai | I5: Grupo D | J5: 1ª rodada | K5: =B5+C5 -> 46185.917
A6: 5 | B6: 46186 | C6: 0.66666667 | D6: Catar | F6: x | H6: Suíça | I6: Grupo B | J6: 1ª rodada | K6: =B6+C6 -> 46186.667
A7: 6 | B7: 46186 | C7: 0.79166667 | D7: Brasil | F7: x | H7: Marrocos | I7: Grupo C | J7: 1ª rodada | K7: =B7+C7 -> 46186.792
A8: 7 | B8: 46186 | C8: 0.91666667 | D8: Haiti | F8: x | H8: Escócia | I8: Grupo C | J8: 1ª rodada | K8: =B8+C8 -> 46186.917
A9: 8 | B9: 46187 | C9: 0.041666667 | D9: Austrália | F9: x | H9: Turquia | I9: Grupo D | J9: 1ª rodada | K9: =B9+C9 -> 46187.042
A10: 9 | B10: 46187 | C10: 0.58333333 | D10: Alemanha | F10: x | H10: Curaçau | I10: Grupo E | J10: 1ª rodada | K10: =B10+C10 -> 46187.583
A11: 10 | B11: 46187 | C11: 0.83333333 | D11: Costa do Marfim | F11: x | H11: Equador | I11: Grupo E | J11: 1ª rodada | K11: =B11+C11 -> 46187.833
A12: 11 | B12: 46187 | C12: 0.70833333 | D12: Holanda | F12: x | H12: Japão | I12: Grupo F | J12: 1ª rodada | K12: =B12+C12 -> 46187.708
A13: 12 | B13: 46187 | C13: 0.95833333 | D13: Suécia | F13: x | H13: Tunísia | I13: Grupo F | J13: 1ª rodada | K13: =B13+C13 -> 46187.958
... A105: 104 | B105: 46222 | C105: 0.66666667 | D105: Vencedor jogo 101 | F105: x | H105: Vencedor jogo 102 | I105: N/A | J105: Final | K105: =B105+C105 -> 46222.667

Sheet ENGLISH
A1: Jogo | B1: Data | C1: Hora | D1: Time 1 | E1: Placar 1 | F1: x | G1: Placar 2 | H1: Time 2 | I1: Grupo | J1: Rodada | K1: DataHora
A2: 1 | B2: 46184 | C2: 0.66666667 | D2: Mexico | F2: x | H2: South Africa | I2: Grupo A | J2: 1ª rodada | K2: =B2+C2 -> 46184.667
A3: 2 | B3: 46184 | C3: 0.95833333 | D3: South Korea | F3: x | H3: Czechia | I3: Grupo A | J3: 1ª rodada | K3: =B3+C3 -> 46184.958
A4: 3 | B4: 46185 | C4: 0.66666667 | D4: Canada | F4: x | H4: Bosnia & Herzegovina | I4: Grupo B | J4: 1ª rodada | K4: =B4+C4 -> 46185.667
A5: 4 | B5: 46185 | C5: 0.91666667 | D5: United States | F5: x | H5: Paraguay | I5: Grupo D | J5: 1ª rodada | K5: =B5+C5 -> 46185.917
A6: 5 | B6: 46186 | C6: 0.66666667 | D6: Qatar | F6: x | H6: Switzerland | I6: Grupo B | J6: 1ª rodada | K6: =B6+C6 -> 46186.667
A7: 6 | B7: 46186 | C7: 0.79166667 | D7: Brazil | F7: x | H7: Morocco | I7: Grupo C | J7: 1ª rodada | K7: =B7+C7 -> 46186.792
A8: 7 | B8: 46186 | C8: 0.91666667 | D8: Haiti | F8: x | H8: Scotland | I8: Grupo C | J8: 1ª rodada | K8: =B8+C8 -> 46186.917
A9: 8 | B9: 46187 | C9: 0.041666667 | D9: Australia | F9: x | H9: Turkey | I9: Grupo D | J9: 1ª rodada | K9: =B9+C9 -> 46187.042
A10: 9 | B10: 46187 | C10: 0.58333333 | D10: Germany | F10: x | H10: Curaçao | I10: Grupo E | J10: 1ª rodada | K10: =B10+C10 -> 46187.583
A11: 10 | B11: 46187 | C11: 0.83333333 | D11: Ivory Coast | F11: x | H11: Ecuador | I11: Grupo E | J11: 1ª rodada | K11: =B11+C11 -> 46187.833
A12: 11 | B12: 46187 | C12: 0.70833333 | D12: Netherlands | F12: x | H12: Japan | I12: Grupo F | J12: 1ª rodada | K12: =B12+C12 -> 46187.708
A13: 12 | B13: 46187 | C13: 0.95833333 | D13: Sweden | F13: x | H13: Tunisia | I13: Grupo F | J13: 1ª rodada | K13: =B13+C13 -> 46187.958
... A73: 72 | B73: 46200 | C73: 0.95833333 | D73: Jordan | F73: x | H73: Argentina | I73: Grupo J | J73: 3ª rodada | K73: =B73+C73 -> 46200.958
A74: 73 | B74: 46201 | C74: A definir | D74: Runner-up Group A | F74: x | H74: Runner-up Group B | I74: N/A | J74: fase de 32-avos
A75: 74 | B75: 46202 | C75: A definir | D75: Winner Group E | F75: x | H75: Third-placed Groups A/B/C/D/F | I75: N/A | J75: fase de 32-avos
A76: 75 | B76: 46202 | C76: A definir | D76: Winner Group F | F76: x | H76: Runner-up Group C | I76: N/A | J76: fase de 32-avos
A77: 76 | B77: 46202 | C77: A definir | D77: Winner Group C | F77: x | H77: Runner-up Group F | I77: N/A | J77: fase de 32-avos
A78: 77 | B78: 46203 | C78: A definir | D78: Winner Group I | F78: x | H78: Third-placed Groups C/D/F/G/H | I78: N/A | J78: fase de 32-avos
A79: 78 | B79: 46203 | C79: A definir | D79: Runner-up Group E | F79: x | H79: Runner-up Group I | I79: N/A | J79: fase de 32-avos
A80: 79 | B80: 46203 | C80: A definir | D80: Winner Group A | F80: x | H80: Third-placed Groups C/E/F/H/I | I80: N/A | J80: fase de 32-avos
A81: 80 | B81: 46204 | C81: A definir | D81: Winner Group L | F81: x | H81: Third-placed Groups E/H/I/J/K | I81: N/A | J81: fase de 32-avos
A82: 81 | B82: 46204 | C82: A definir | D82: Winner Group D | F82: x | H82: Third-placed Groups B/E/F/I/J | I82: N/A | J82: fase de 32-avos
A83: 82 | B83: 46204 | C83: A definir | D83: Winner Group G | F83: x | H83: Third-placed Groups A/E/H/I/J | I83: N/A | J83: fase de 32-avos
A84: 83 | B84: 46205 | C84: A definir | D84: Runner-up Group K | F84: x | H84: Runner-up Group L | I84: N/A | J84: fase de 32-avos
A85: 84 | B85: 46205 | C85: A definir | D85: Winner Group H | F85: x | H85: Runner-up Group J | I85: N/A | J85: fase de 32-avos
... A105: 104 | B105: 46222 | C105: A definir | D105: Winner Match 101 | F105: x | H105: Winner Match 102 | I105: N/A | J105: Final

Sheet CONFIG
A1: Nome | B1: Ponto Totais | C1: Placares Exatos | D1: Link | E1: Email
A2: ALICE | B2: =PALPITES!K$106 -> #VALUE! | C2: =PALPITES!L$106 -> 0
A3: ANNE | B3: =PALPITES!O$106 -> 0 | C3: =PALPITES!P$106 -> 0
A4: CARLINHOS | B4: =PALPITES!S$106 -> 0 | C4: =PALPITES!T$106 -> 0
A5: DEDE | B5: =PALPITES!W$106 -> 0 | C5: =PALPITES!X$106 -> 0
A6: ERIKA | B6: =PALPITES!AA$106 -> 0 | C6: =PALPITES!AB$106 -> 0
A7: GUTO | B7: =PALPITES!AE$106 -> 0 | C7: =PALPITES!AF$106 -> 0
A8: HELENA | B8: =PALPITES!AI$106 -> 0 | C8: =PALPITES!AJ$106 -> 0
A9: JULIA | B9: =PALPITES!AM$106 -> 0 | C9: =PALPITES!AN$106 -> 0
A10: KANOO | B10: =PALPITES!AQ$106 -> 0 | C10: =PALPITES!AR$106 -> 0
A11: KATIA | B11: =PALPITES!AU$106 -> 0 | C11: =PALPITES!AV$106 -> 0
A12: RAFA | B12: =PALPITES!AY$106 -> 0 | C12: =PALPITES!AZ$106 -> 0
A13: RAQUEL | B13: =PALPITES!BC$106 -> 0 | C13: =PALPITES!BD$106 -> 0
A14: RENATO | B14: =PALPITES!BG$106 -> 0 | C14: =PALPITES!BH$106 -> 0
A15: ZE | B15: =PALPITES!BK$106 -> 0 | C15: =PALPITES!BL$106 -> 0
A16: TESTE

Sheet PALPITES
A1: =CALENDARIO!A1 -> Jogo | B1: =CALENDARIO!B1 -> Data | C1: =CALENDARIO!C1 -> Hora | D1: =CALENDARIO!D1 -> Time 1 | E1: =CALENDARIO!E1 -> Placar 1 | F1: =CALENDARIO!F1 -> x | G1: =CALENDARIO!G1 -> Placar 2 | H1: =CALENDARIO!H1 -> Time 2 | I1: =CONFIG!A2 -> ALICE | K1: Ptos | L1: Exto | M1: =CONFIG!A3 -> ANNE | O1: Ptos | P1: Exto | Q1: =CONFIG!A4 -> CARLINHOS | S1: Ptos | T1: Exto | U1: =CONFIG!A5 -> DEDE | W1: Ptos | X1: Exto | Y1: =CONFIG!A6 -> ERIKA | AA1: Ptos | AB1: Exto | AC1: =CONFIG!A7 -> GUTO | AE1: Ptos | AF1: Exto | AG1: =CONFIG!A8 -> HELENA | AI1: Ptos | AJ1: Exto | AK1: =CONFIG!A9 -> JULIA | AM1: Ptos | AN1: Exto | AO1: =CONFIG!A10 -> KANOO | AQ1: Ptos | AR1: Exto | AS1: =CONFIG!A11 -> KATIA | AU1: Ptos | AV1: Exto | AW1: =CONFIG!A12 -> RAFA | AY1: Ptos | AZ1: Exto | BA1: =CONFIG!A13 -> RAQUEL | BC1: Ptos | BD1: Exto | BE1: =CONFIG!A14 -> RENATO | BG1: Ptos | BH1: Exto | BI1: =CONFIG!A15 -> ZE | BK1: Ptos | BL1: Exto
A2: =CALENDARIO!A2 -> 1 | B2: =CALENDARIO!B2 -> 46184 | C2: =CALENDARIO!C2 -> 0.66666667 | D2: =CALENDARIO!D2 -> México | E2: =CALENDARIO!E2 -> 0 | F2: =CALENDARIO!F2 -> x | G2: =CALENDARIO!G2 -> 0 | H2: =CALENDARIO!H2 -> África do Sul | I2: =IFERROR(__xludf.DUMMYFUNCTION("IMPORTRANGE(CONFIG!D2, ""JOGOS!E2:E105"")"),"#N/A") -> #N/A | J2: =IFERROR(__xludf.DUMMYFUNCTION("IMPORTRANGE(CONFIG!D2, ""JOGOS!G2:G105"")"),"#N/A") -> #N/A | K2: =IF(OR(I2="", J2=""), 0, IF(OR($E2="", $G2=""), "", (IF(SIGN($E2-$G2)=SIGN(I2-J2), 2, 0) + IF($E2=I2, 1, 0) + IF($G2=J2, 1, 0) + IF(AND($E2=I2, $G2=J2), 1, 0)))) -> #VALUE! | L2: =IF(OR(I2="", J2="", $E2="", $G2=""), 0, IF(AND($E2=I2, $G2=J2), 1, 0)) -> 0 | M2: =IFERROR(__xludf.DUMMYFUNCTION("IMPORTRANGE(CONFIG!D3, ""JOGOS!E2:E105"")"),"") | N2: =IFERROR(__xludf.DUMMYFUNCTION("IMPORTRANGE(CONFIG!D3, ""JOGOS!G2:G105"")"),"") | O2: =IF(OR(M2="", N2=""), 0, IF(OR($E2="", $G2=""), "", (IF(SIGN($E2-$G2)=SIGN(M2-N2), 2, 0) + IF($E2=M2, 1, 0) + IF($G2=N2, 1, 0) + IF(AND($E2=M2, $G2=N2), 1, 0)))) -> 0 | P2: =IF(OR(M2="", N2="", $E2="", $G2=""), 0, IF(AND($E2=M2, $G2=N2), 1, 0)) -> 0 | Q2: =IFERROR(__xludf.DUMMYFUNCTION("IMPORTRANGE(CONFIG!D4, ""JOGOS!E2:E105"")"),"") | R2: =IFERROR(__xludf.DUMMYFUNCTION("IMPORTRANGE(CONFIG!D4, ""JOGOS!G2:G105"")"),"") | S2: =IF(OR(Q2="", R2=""), 0, IF(OR($E2="", $G2=""), "", (IF(SIGN($E2-$G2)=SIGN(Q2-R2), 2, 0) + IF($E2=Q2, 1, 0) + IF($G2=R2, 1, 0) + IF(AND($E2=Q2, $G2=R2), 1, 0)))) -> 0 | T2: =IF(OR(Q2="", R2="", $E2="", $G2=""), 0, IF(AND($E2=Q2, $G2=R2), 1, 0)) -> 0 | U2: =IFERROR(__xludf.DUMMYFUNCTION("IMPORTRANGE(CONFIG!D5, ""JOGOS!E2:E105"")"),"") | V2: =IFERROR(__xludf.DUMMYFUNCTION("IMPORTRANGE(CONFIG!D5, ""JOGOS!G2:G105"")"),"") | W2: =IF(OR(U2="", V2=""), 0, IF(OR($E2="", $G2=""), "", (IF(SIGN($E2-$G2)=SIGN(U2-V2), 2, 0) + IF($E2=U2, 1, 0) + IF($G2=V2, 1, 0) + IF(AND($E2=U2, $G2=V2), 1, 0)))) -> 0 | X2: =IF(OR(U2="", V2="", $E2="", $G2=""), 0, IF(AND($E2=U2, $G2=V2), 1, 0)) -> 0 | AA2: =IF(OR(Y2="", Z2=""), 0, IF(OR($E2="", $G2=""), "", (IF(SIGN($E2-$G2)=SIGN(Y2-Z2), 2, 0) + IF($E2=Y2, 1, 0) + IF($G2=Z2, 1, 0) + IF(AND($E2=Y2, $G2=Z2), 1, 0)))) -> 0 | AB2: =IF(OR(Y2="", Z2="", $E2="", $G2=""), 0, IF(AND($E2=Y2, $G2=Z2), 1, 0)) -> 0 | AC2: =IFERROR(__xludf.DUMMYFUNCTION("IMPORTRANGE(CONFIG!D7, ""JOGOS!E2:E105"")"),"") | AD2: =IFERROR(__xludf.DUMMYFUNCTION("IMPORTRANGE(CONFIG!D7, ""JOGOS!G2:G105"")"),"") | AE2: =IF(OR(AC2="", AD2=""), 0, IF(OR($E2="", $G2=""), "", (IF(SIGN($E2-$G2)=SIGN(AC2-AD2), 2, 0) + IF($E2=AC2, 1, 0) + IF($G2=AD2, 1, 0) + IF(AND($E2=AC2, $G2=AD2), 1, 0)))) -> 0 | AF2: =IF(OR(AC2="", AD2="", $E2="", $G2=""), 0, IF(AND($E2=AC2, $G2=AD2), 1, 0)) -> 0 | AG2: =IFERROR(__xludf.DUMMYFUNCTION("IMPORTRANGE(CONFIG!D8, ""JOGOS!E2:E105"")"),"") | AH2: =IFERROR(__xludf.DUMMYFUNCTION("IMPORTRANGE(CONFIG!D8, ""JOGOS!G2:G105"")"),"") | AI2: =IF(OR(AG2="", AH2=""), 0, IF(OR($E2="", $G2=""), "", (IF(SIGN($E2-$G2)=SIGN(AG2-AH2), 2, 0) + IF($E2=AG2, 1, 0) + IF($G2=AH2, 1, 0) + IF(AND($E2=AG2, $G2=AH2), 1, 0)))) -> 0 | AJ2: =IF(OR(AG2="", AH2="", $E2="", $G2=""), 0, IF(AND($E2=AG2, $G2=AH2), 1, 0)) -> 0 | AK2: =IFERROR(__xludf.DUMMYFUNCTION("IMPORTRANGE(CONFIG!D9, ""JOGOS!E2:E105"")"),"") | AL2: =IFERROR(__xludf.DUMMYFUNCTION("IMPORTRANGE(CONFIG!D9, ""JOGOS!G2:G105"")"),"") | AM2: =IF(OR(AK2="", AL2=""), 0, IF(OR($E2="", $G2=""), "", (IF(SIGN($E2-$G2)=SIGN(AK2-AL2), 2, 0) + IF($E2=AK2, 1, 0) + IF($G2=AL2, 1, 0) + IF(AND($E2=AK2, $G2=AL2), 1, 0)))) -> 0 | AN2: =IF(OR(AK2="", AL2="", $E2="", $G2=""), 0, IF(AND($E2=AK2, $G2=AL2), 1, 0)) -> 0 | AO2: =IFERROR(__xludf.DUMMYFUNCTION("IMPORTRANGE(CONFIG!D10, ""JOGOS!E2:E105"")"),"") | AP2: =IFERROR(__xludf.DUMMYFUNCTION("IMPORTRANGE(CONFIG!D10, ""JOGOS!G2:G105"")"),"") | AQ2: =IF(OR(AO2="", AP2=""), 0, IF(OR($E2="", $G2=""), "", (IF(SIGN($E2-$G2)=SIGN(AO2-AP2), 2, 0) + IF($E2=AO2, 1, 0) + IF($G2=AP2, 1, 0) + IF(AND($E2=AO2, $G2=AP2), 1, 0)))) -> 0 | AR2: =IF(OR(AO2="", AP2="", $E2="", $G2=""), 0, IF(AND($E2=AO2, $G2=AP2), 1, 0)) -> 0 | AS2: =IFERROR(__xludf.DUMMYFUNCTION("IMPORTRANGE(CONFIG!D11, ""JOGOS!E2:E105"")"),"") | AT2: =IFERROR(__xludf.DUMMYFUNCTION("IMPORTRANGE(CONFIG!D11, ""JOGOS!G2:G105"")"),"") | AU2: =IF(OR(AS2="", AT2=""), 0, IF(OR($E2="", $G2=""), "", (IF(SIGN($E2-$G2)=SIGN(AS2-AT2), 2, 0) + IF($E2=AS2, 1, 0) + IF($G2=AT2, 1, 0) + IF(AND($E2=AS2, $G2=AT2), 1, 0)))) -> 0 | AV2: =IF(OR(AS2="", AT2="", $E2="", $G2=""), 0, IF(AND($E2=AS2, $G2=AT2), 1, 0)) -> 0 | AY2: =IF(OR(AW2="", AX2=""), 0, IF(OR($E2="", $G2=""), "", (IF(SIGN($E2-$G2)=SIGN(AW2-AX2), 2, 0) + IF($E2=AW2, 1, 0) + IF($G2=AX2, 1, 0) + IF(AND($E2=AW2, $G2=AX2), 1, 0)))) -> 0 | AZ2: =IF(OR(AW2="", AX2="", $E2="", $G2=""), 0, IF(AND($E2=AW2, $G2=AX2), 1, 0)) -> 0 | BA2: =IFERROR(__xludf.DUMMYFUNCTION("IMPORTRANGE(CONFIG!D13, ""JOGOS!E2:E105"")"),"") | BB2: =IFERROR(__xludf.DUMMYFUNCTION("IMPORTRANGE(CONFIG!D13, ""JOGOS!G2:G105"")"),"") | BC2: =IF(OR(BA2="", BB2=""), 0, IF(OR($E2="", $G2=""), "", (IF(SIGN($E2-$G2)=SIGN(BA2-BB2), 2, 0) + IF($E2=BA2, 1, 0) + IF($G2=BB2, 1, 0) + IF(AND($E2=BA2, $G2=BB2), 1, 0)))) -> 0 | BD2: =IF(OR(BA2="", BB2="", $E2="", $G2=""), 0, IF(AND($E2=BA2, $G2=BB2), 1, 0)) -> 0 | BE2: =IFERROR(__xludf.DUMMYFUNCTION("IMPORTRANGE(CONFIG!D14, ""JOGOS!E2:E105"")"),"") | BF2: =IFERROR(__xludf.DUMMYFUNCTION("IMPORTRANGE(CONFIG!D14, ""JOGOS!G2:G105"")"),"") | BG2: =IF(OR(BE2="", BF2=""), 0, IF(OR($E2="", $G2=""), "", (IF(SIGN($E2-$G2)=SIGN(BE2-BF2), 2, 0) + IF($E2=BE2, 1, 0) + IF($G2=BF2, 1, 0) + IF(AND($E2=BE2, $G2=BF2), 1, 0)))) -> 0 | BH2: =IF(OR(BE2="", BF2="", $E2="", $G2=""), 0, IF(AND($E2=BE2, $G2=BF2), 1, 0)) -> 0 | BI2: =IFERROR(__xludf.DUMMYFUNCTION("IMPORTRANGE(CONFIG!D15, ""JOGOS!E2:E105"")"),"") | BJ2: =IFERROR(__xludf.DUMMYFUNCTION("IMPORTRANGE(CONFIG!D15, ""JOGOS!G2:G105"")"),"") | BK2: =IF(OR(BI2="", BJ2=""), 0, IF(OR($E2="", $G2=""), "", (IF(SIGN($E2-$G2)=SIGN(BI2-BJ2), 2, 0) + IF($E2=BI2, 1, 0) + IF($G2=BJ2, 1, 0) + IF(AND($E2=BI2, $G2=BJ2), 1, 0)))) -> 0 | BL2: =IF(OR(BI2="", BJ2="", $E2="", $G2=""), 0, IF(AND($E2=BI2, $G2=BJ2), 1, 0)) -> 0
A3: =CALENDARIO!A3 -> 2 | B3: =CALENDARIO!B3 -> 46184 | C3: =CALENDARIO!C3 -> 0.95833333 | D3: =CALENDARIO!D3 -> República da Coreia | E3: =CALENDARIO!E3 -> 0 | F3: =CALENDARIO!F3 -> x | G3: =CALENDARIO!G3 -> 0 | H3: =CALENDARIO!H3 -> República Tcheca | K3: =IF(OR(I3="", J3=""), 0, IF(OR($E3="", $G3=""), "", (IF(SIGN($E3-$G3)=SIGN(I3-J3), 2, 0) + IF($E3=I3, 1, 0) + IF($G3=J3, 1, 0) + IF(AND($E3=I3, $G3=J3), 1, 0)))) -> 0 | L3: =IF(OR(I3="", J3="", $E3="", $G3=""), 0, IF(AND($E3=I3, $G3=J3), 1, 0)) -> 0 | O3: =IF(OR(M3="", N3=""), 0, IF(OR($E3="", $G3=""), "", (IF(SIGN($E3-$G3)=SIGN(M3-N3), 2, 0) + IF($E3=M3, 1, 0) + IF($G3=N3, 1, 0) + IF(AND($E3=M3, $G3=N3), 1, 0)))) -> 0 | P3: =IF(OR(M3="", N3="", $E3="", $G3=""), 0, IF(AND($E3=M3, $G3=N3), 1, 0)) -> 0 | S3: =IF(OR(Q3="", R3=""), 0, IF(OR($E3="", $G3=""), "", (IF(SIGN($E3-$G3)=SIGN(Q3-R3), 2, 0) + IF($E3=Q3, 1, 0) + IF($G3=R3, 1, 0) + IF(AND($E3=Q3, $G3=R3), 1, 0)))) -> 0 | T3: =IF(OR(Q3="", R3="", $E3="", $G3=""), 0, IF(AND($E3=Q3, $G3=R3), 1, 0)) -> 0 | W3: =IF(OR(U3="", V3=""), 0, IF(OR($E3="", $G3=""), "", (IF(SIGN($E3-$G3)=SIGN(U3-V3), 2, 0) + IF($E3=U3, 1, 0) + IF($G3=V3, 1, 0) + IF(AND($E3=U3, $G3=V3), 1, 0)))) -> 0 | X3: =IF(OR(U3="", V3="", $E3="", $G3=""), 0, IF(AND($E3=U3, $G3=V3), 1, 0)) -> 0 | AA3: =IF(OR(Y3="", Z3=""), 0, IF(OR($E3="", $G3=""), "", (IF(SIGN($E3-$G3)=SIGN(Y3-Z3), 2, 0) + IF($E3=Y3, 1, 0) + IF($G3=Z3, 1, 0) + IF(AND($E3=Y3, $G3=Z3), 1, 0)))) -> 0 | AB3: =IF(OR(Y3="", Z3="", $E3="", $G3=""), 0, IF(AND($E3=Y3, $G3=Z3), 1, 0)) -> 0 | AE3: =IF(OR(AC3="", AD3=""), 0, IF(OR($E3="", $G3=""), "", (IF(SIGN($E3-$G3)=SIGN(AC3-AD3), 2, 0) + IF($E3=AC3, 1, 0) + IF($G3=AD3, 1, 0) + IF(AND($E3=AC3, $G3=AD3), 1, 0)))) -> 0 | AF3: =IF(OR(AC3="", AD3="", $E3="", $G3=""), 0, IF(AND($E3=AC3, $G3=AD3), 1, 0)) -> 0 | AI3: =IF(OR(AG3="", AH3=""), 0, IF(OR($E3="", $G3=""), "", (IF(SIGN($E3-$G3)=SIGN(AG3-AH3), 2, 0) + IF($E3=AG3, 1, 0) + IF($G3=AH3, 1, 0) + IF(AND($E3=AG3, $G3=AH3), 1, 0)))) -> 0 | AJ3: =IF(OR(AG3="", AH3="", $E3="", $G3=""), 0, IF(AND($E3=AG3, $G3=AH3), 1, 0)) -> 0 | AM3: =IF(OR(AK3="", AL3=""), 0, IF(OR($E3="", $G3=""), "", (IF(SIGN($E3-$G3)=SIGN(AK3-AL3), 2, 0) + IF($E3=AK3, 1, 0) + IF($G3=AL3, 1, 0) + IF(AND($E3=AK3, $G3=AL3), 1, 0)))) -> 0 | AN3: =IF(OR(AK3="", AL3="", $E3="", $G3=""), 0, IF(AND($E3=AK3, $G3=AL3), 1, 0)) -> 0 | AQ3: =IF(OR(AO3="", AP3=""), 0, IF(OR($E3="", $G3=""), "", (IF(SIGN($E3-$G3)=SIGN(AO3-AP3), 2, 0) + IF($E3=AO3, 1, 0) + IF($G3=AP3, 1, 0) + IF(AND($E3=AO3, $G3=AP3), 1, 0)))) -> 0 | AR3: =IF(OR(AO3="", AP3="", $E3="", $G3=""), 0, IF(AND($E3=AO3, $G3=AP3), 1, 0)) -> 0 | AU3: =IF(OR(AS3="", AT3=""), 0, IF(OR($E3="", $G3=""), "", (IF(SIGN($E3-$G3)=SIGN(AS3-AT3), 2, 0) + IF($E3=AS3, 1, 0) + IF($G3=AT3, 1, 0) + IF(AND($E3=AS3, $G3=AT3), 1, 0)))) -> 0 | AV3: =IF(OR(AS3="", AT3="", $E3="", $G3=""), 0, IF(AND($E3=AS3, $G3=AT3), 1, 0)) -> 0 | AY3: =IF(OR(AW3="", AX3=""), 0, IF(OR($E3="", $G3=""), "", (IF(SIGN($E3-$G3)=SIGN(AW3-AX3), 2, 0) + IF($E3=AW3, 1, 0) + IF($G3=AX3, 1, 0) + IF(AND($E3=AW3, $G3=AX3), 1, 0)))) -> 0 | AZ3: =IF(OR(AW3="", AX3="", $E3="", $G3=""), 0, IF(AND($E3=AW3, $G3=AX3), 1, 0)) -> 0 | BC3: =IF(OR(BA3="", BB3=""), 0, IF(OR($E3="", $G3=""), "", (IF(SIGN($E3-$G3)=SIGN(BA3-BB3), 2, 0) + IF($E3=BA3, 1, 0) + IF($G3=BB3, 1, 0) + IF(AND($E3=BA3, $G3=BB3), 1, 0)))) -> 0 | BD3: =IF(OR(BA3="", BB3="", $E3="", $G3=""), 0, IF(AND($E3=BA3, $G3=BB3), 1, 0)) -> 0 | BG3: =IF(OR(BE3="", BF3=""), 0, IF(OR($E3="", $G3=""), "", (IF(SIGN($E3-$G3)=SIGN(BE3-BF3), 2, 0) + IF($E3=BE3, 1, 0) + IF($G3=BF3, 1, 0) + IF(AND($E3=BE3, $G3=BF3), 1, 0)))) -> 0 | BH3: =IF(OR(BE3="", BF3="", $E3="", $G3=""), 0, IF(AND($E3=BE3, $G3=BF3), 1, 0)) -> 0 | BK3: =IF(OR(BI3="", BJ3=""), 0, IF(OR($E3="", $G3=""), "", (IF(SIGN($E3-$G3)=SIGN(BI3-BJ3), 2, 0) + IF($E3=BI3, 1, 0) + IF($G3=BJ3, 1, 0) + IF(AND($E3=BI3, $G3=BJ3), 1, 0)))) -> 0 | BL3: =IF(OR(BI3="", BJ3="", $E3="", $G3=""), 0, IF(AND($E3=BI3, $G3=BJ3), 1, 0)) -> 0
A4: =CALENDARIO!A4 -> 3 | B4: =CALENDARIO!B4 -> 46185 | C4: =CALENDARIO!C4 -> 0.66666667 | D4: =CALENDARIO!D4 -> Canadá | E4: =CALENDARIO!E4 -> 0 | F4: =CALENDARIO!F4 -> x | G4: =CALENDARIO!G4 -> 0 | H4: =CALENDARIO!H4 -> Bósnia e Herzegovina | K4: =IF(OR(I4="", J4=""), 0, IF(OR($E4="", $G4=""), "", (IF(SIGN($E4-$G4)=SIGN(I4-J4), 2, 0) + IF($E4=I4, 1, 0) + IF($G4=J4, 1, 0) + IF(AND($E4=I4, $G4=J4), 1, 0)))) -> 0 | L4: =IF(OR(I4="", J4="", $E4="", $G4=""), 0, IF(AND($E4=I4, $G4=J4), 1, 0)) -> 0 | O4: =IF(OR(M4="", N4=""), 0, IF(OR($E4="", $G4=""), "", (IF(SIGN($E4-$G4)=SIGN(M4-N4), 2, 0) + IF($E4=M4, 1, 0) + IF($G4=N4, 1, 0) + IF(AND($E4=M4, $G4=N4), 1, 0)))) -> 0 | P4: =IF(OR(M4="", N4="", $E4="", $G4=""), 0, IF(AND($E4=M4, $G4=N4), 1, 0)) -> 0 | S4: =IF(OR(Q4="", R4=""), 0, IF(OR($E4="", $G4=""), "", (IF(SIGN($E4-$G4)=SIGN(Q4-R4), 2, 0) + IF($E4=Q4, 1, 0) + IF($G4=R4, 1, 0) + IF(AND($E4=Q4, $G4=R4), 1, 0)))) -> 0 | T4: =IF(OR(Q4="", R4="", $E4="", $G4=""), 0, IF(AND($E4=Q4, $G4=R4), 1, 0)) -> 0 | W4: =IF(OR(U4="", V4=""), 0, IF(OR($E4="", $G4=""), "", (IF(SIGN($E4-$G4)=SIGN(U4-V4), 2, 0) + IF($E4=U4, 1, 0) + IF($G4=V4, 1, 0) + IF(AND($E4=U4, $G4=V4), 1, 0)))) -> 0 | X4: =IF(OR(U4="", V4="", $E4="", $G4=""), 0, IF(AND($E4=U4, $G4=V4), 1, 0)) -> 0 | AA4: =IF(OR(Y4="", Z4=""), 0, IF(OR($E4="", $G4=""), "", (IF(SIGN($E4-$G4)=SIGN(Y4-Z4), 2, 0) + IF($E4=Y4, 1, 0) + IF($G4=Z4, 1, 0) + IF(AND($E4=Y4, $G4=Z4), 1, 0)))) -> 0 | AB4: =IF(OR(Y4="", Z4="", $E4="", $G4=""), 0, IF(AND($E4=Y4, $G4=Z4), 1, 0)) -> 0 | AE4: =IF(OR(AC4="", AD4=""), 0, IF(OR($E4="", $G4=""), "", (IF(SIGN($E4-$G4)=SIGN(AC4-AD4), 2, 0) + IF($E4=AC4, 1, 0) + IF($G4=AD4, 1, 0) + IF(AND($E4=AC4, $G4=AD4), 1, 0)))) -> 0 | AF4: =IF(OR(AC4="", AD4="", $E4="", $G4=""), 0, IF(AND($E4=AC4, $G4=AD4), 1, 0)) -> 0 | AI4: =IF(OR(AG4="", AH4=""), 0, IF(OR($E4="", $G4=""), "", (IF(SIGN($E4-$G4)=SIGN(AG4-AH4), 2, 0) + IF($E4=AG4, 1, 0) + IF($G4=AH4, 1, 0) + IF(AND($E4=AG4, $G4=AH4), 1, 0)))) -> 0 | AJ4: =IF(OR(AG4="", AH4="", $E4="", $G4=""), 0, IF(AND($E4=AG4, $G4=AH4), 1, 0)) -> 0 | AM4: =IF(OR(AK4="", AL4=""), 0, IF(OR($E4="", $G4=""), "", (IF(SIGN($E4-$G4)=SIGN(AK4-AL4), 2, 0) + IF($E4=AK4, 1, 0) + IF($G4=AL4, 1, 0) + IF(AND($E4=AK4, $G4=AL4), 1, 0)))) -> 0 | AN4: =IF(OR(AK4="", AL4="", $E4="", $G4=""), 0, IF(AND($E4=AK4, $G4=AL4), 1, 0)) -> 0 | AQ4: =IF(OR(AO4="", AP4=""), 0, IF(OR($E4="", $G4=""), "", (IF(SIGN($E4-$G4)=SIGN(AO4-AP4), 2, 0) + IF($E4=AO4, 1, 0) + IF($G4=AP4, 1, 0) + IF(AND($E4=AO4, $G4=AP4), 1, 0)))) -> 0 | AR4: =IF(OR(AO4="", AP4="", $E4="", $G4=""), 0, IF(AND($E4=AO4, $G4=AP4), 1, 0)) -> 0 | AU4: =IF(OR(AS4="", AT4=""), 0, IF(OR($E4="", $G4=""), "", (IF(SIGN($E4-$G4)=SIGN(AS4-AT4), 2, 0) + IF($E4=AS4, 1, 0) + IF($G4=AT4, 1, 0) + IF(AND($E4=AS4, $G4=AT4), 1, 0)))) -> 0 | AV4: =IF(OR(AS4="", AT4="", $E4="", $G4=""), 0, IF(AND($E4=AS4, $G4=AT4), 1, 0)) -> 0 | AY4: =IF(OR(AW4="", AX4=""), 0, IF(OR($E4="", $G4=""), "", (IF(SIGN($E4-$G4)=SIGN(AW4-AX4), 2, 0) + IF($E4=AW4, 1, 0) + IF($G4=AX4, 1, 0) + IF(AND($E4=AW4, $G4=AX4), 1, 0)))) -> 0 | AZ4: =IF(OR(AW4="", AX4="", $E4="", $G4=""), 0, IF(AND($E4=AW4, $G4=AX4), 1, 0)) -> 0 | BC4: =IF(OR(BA4="", BB4=""), 0, IF(OR($E4="", $G4=""), "", (IF(SIGN($E4-$G4)=SIGN(BA4-BB4), 2, 0) + IF($E4=BA4, 1, 0) + IF($G4=BB4, 1, 0) + IF(AND($E4=BA4, $G4=BB4), 1, 0)))) -> 0 | BD4: =IF(OR(BA4="", BB4="", $E4="", $G4=""), 0, IF(AND($E4=BA4, $G4=BB4), 1, 0)) -> 0 | BG4: =IF(OR(BE4="", BF4=""), 0, IF(OR($E4="", $G4=""), "", (IF(SIGN($E4-$G4)=SIGN(BE4-BF4), 2, 0) + IF($E4=BE4, 1, 0) + IF($G4=BF4, 1, 0) + IF(AND($E4=BE4, $G4=BF4), 1, 0)))) -> 0 | BH4: =IF(OR(BE4="", BF4="", $E4="", $G4=""), 0, IF(AND($E4=BE4, $G4=BF4), 1, 0)) -> 0 | BK4: =IF(OR(BI4="", BJ4=""), 0, IF(OR($E4="", $G4=""), "", (IF(SIGN($E4-$G4)=SIGN(BI4-BJ4), 2, 0) + IF($E4=BI4, 1, 0) + IF($G4=BJ4, 1, 0) + IF(AND($E4=BI4, $G4=BJ4), 1, 0)))) -> 0 | BL4: =IF(OR(BI4="", BJ4="", $E4="", $G4=""), 0, IF(AND($E4=BI4, $G4=BJ4), 1, 0)) -> 0
A5: =CALENDARIO!A5 -> 4 | B5: =CALENDARIO!B5 -> 46185 | C5: =CALENDARIO!C5 -> 0.91666667 | D5: =CALENDARIO!D5 -> Estados Unidos | E5: =CALENDARIO!E5 -> 0 | F5: =CALENDARIO!F5 -> x | G5: =CALENDARIO!G5 -> 0 | H5: =CALENDARIO!H5 -> Paraguai | K5: =IF(OR(I5="", J5=""), 0, IF(OR($E5="", $G5=""), "", (IF(SIGN($E5-$G5)=SIGN(I5-J5), 2, 0) + IF($E5=I5, 1, 0) + IF($G5=J5, 1, 0) + IF(AND($E5=I5, $G5=J5), 1, 0)))) -> 0 | L5: =IF(OR(I5="", J5="", $E5="", $G5=""), 0, IF(AND($E5=I5, $G5=J5), 1, 0)) -> 0 | O5: =IF(OR(M5="", N5=""), 0, IF(OR($E5="", $G5=""), "", (IF(SIGN($E5-$G5)=SIGN(M5-N5), 2, 0) + IF($E5=M5, 1, 0) + IF($G5=N5, 1, 0) + IF(AND($E5=M5, $G5=N5), 1, 0)))) -> 0 | P5: =IF(OR(M5="", N5="", $E5="", $G5=""), 0, IF(AND($E5=M5, $G5=N5), 1, 0)) -> 0 | S5: =IF(OR(Q5="", R5=""), 0, IF(OR($E5="", $G5=""), "", (IF(SIGN($E5-$G5)=SIGN(Q5-R5), 2, 0) + IF($E5=Q5, 1, 0) + IF($G5=R5, 1, 0) + IF(AND($E5=Q5, $G5=R5), 1, 0)))) -> 0 | T5: =IF(OR(Q5="", R5="", $E5="", $G5=""), 0, IF(AND($E5=Q5, $G5=R5), 1, 0)) -> 0 | W5: =IF(OR(U5="", V5=""), 0, IF(OR($E5="", $G5=""), "", (IF(SIGN($E5-$G5)=SIGN(U5-V5), 2, 0) + IF($E5=U5, 1, 0) + IF($G5=V5, 1, 0) + IF(AND($E5=U5, $G5=V5), 1, 0)))) -> 0 | X5: =IF(OR(U5="", V5="", $E5="", $G5=""), 0, IF(AND($E5=U5, $G5=V5), 1, 0)) -> 0 | AA5: =IF(OR(Y5="", Z5=""), 0, IF(OR($E5="", $G5=""), "", (IF(SIGN($E5-$G5)=SIGN(Y5-Z5), 2, 0) + IF($E5=Y5, 1, 0) + IF($G5=Z5, 1, 0) + IF(AND($E5=Y5, $G5=Z5), 1, 0)))) -> 0 | AB5: =IF(OR(Y5="", Z5="", $E5="", $G5=""), 0, IF(AND($E5=Y5, $G5=Z5), 1, 0)) -> 0 | AE5: =IF(OR(AC5="", AD5=""), 0, IF(OR($E5="", $G5=""), "", (IF(SIGN($E5-$G5)=SIGN(AC5-AD5), 2, 0) + IF($E5=AC5, 1, 0) + IF($G5=AD5, 1, 0) + IF(AND($E5=AC5, $G5=AD5), 1, 0)))) -> 0 | AF5: =IF(OR(AC5="", AD5="", $E5="", $G5=""), 0, IF(AND($E5=AC5, $G5=AD5), 1, 0)) -> 0 | AI5: =IF(OR(AG5="", AH5=""), 0, IF(OR($E5="", $G5=""), "", (IF(SIGN($E5-$G5)=SIGN(AG5-AH5), 2, 0) + IF($E5=AG5, 1, 0) + IF($G5=AH5, 1, 0) + IF(AND($E5=AG5, $G5=AH5), 1, 0)))) -> 0 | AJ5: =IF(OR(AG5="", AH5="", $E5="", $G5=""), 0, IF(AND($E5=AG5, $G5=AH5), 1, 0)) -> 0 | AM5: =IF(OR(AK5="", AL5=""), 0, IF(OR($E5="", $G5=""), "", (IF(SIGN($E5-$G5)=SIGN(AK5-AL5), 2, 0) + IF($E5=AK5, 1, 0) + IF($G5=AL5, 1, 0) + IF(AND($E5=AK5, $G5=AL5), 1, 0)))) -> 0 | AN5: =IF(OR(AK5="", AL5="", $E5="", $G5=""), 0, IF(AND($E5=AK5, $G5=AL5), 1, 0)) -> 0 | AQ5: =IF(OR(AO5="", AP5=""), 0, IF(OR($E5="", $G5=""), "", (IF(SIGN($E5-$G5)=SIGN(AO5-AP5), 2, 0) + IF($E5=AO5, 1, 0) + IF($G5=AP5, 1, 0) + IF(AND($E5=AO5, $G5=AP5), 1, 0)))) -> 0 | AR5: =IF(OR(AO5="", AP5="", $E5="", $G5=""), 0, IF(AND($E5=AO5, $G5=AP5), 1, 0)) -> 0 | AU5: =IF(OR(AS5="", AT5=""), 0, IF(OR($E5="", $G5=""), "", (IF(SIGN($E5-$G5)=SIGN(AS5-AT5), 2, 0) + IF($E5=AS5, 1, 0) + IF($G5=AT5, 1, 0) + IF(AND($E5=AS5, $G5=AT5), 1, 0)))) -> 0 | AV5: =IF(OR(AS5="", AT5="", $E5="", $G5=""), 0, IF(AND($E5=AS5, $G5=AT5), 1, 0)) -> 0 | AY5: =IF(OR(AW5="", AX5=""), 0, IF(OR($E5="", $G5=""), "", (IF(SIGN($E5-$G5)=SIGN(AW5-AX5), 2, 0) + IF($E5=AW5, 1, 0) + IF($G5=AX5, 1, 0) + IF(AND($E5=AW5, $G5=AX5), 1, 0)))) -> 0 | AZ5: =IF(OR(AW5="", AX5="", $E5="", $G5=""), 0, IF(AND($E5=AW5, $G5=AX5), 1, 0)) -> 0 | BC5: =IF(OR(BA5="", BB5=""), 0, IF(OR($E5="", $G5=""), "", (IF(SIGN($E5-$G5)=SIGN(BA5-BB5), 2, 0) + IF($E5=BA5, 1, 0) + IF($G5=BB5, 1, 0) + IF(AND($E5=BA5, $G5=BB5), 1, 0)))) -> 0 | BD5: =IF(OR(BA5="", BB5="", $E5="", $G5=""), 0, IF(AND($E5=BA5, $G5=BB5), 1, 0)) -> 0 | BG5: =IF(OR(BE5="", BF5=""), 0, IF(OR($E5="", $G5=""), "", (IF(SIGN($E5-$G5)=SIGN(BE5-BF5), 2, 0) + IF($E5=BE5, 1, 0) + IF($G5=BF5, 1, 0) + IF(AND($E5=BE5, $G5=BF5), 1, 0)))) -> 0 | BH5: =IF(OR(BE5="", BF5="", $E5="", $G5=""), 0, IF(AND($E5=BE5, $G5=BF5), 1, 0)) -> 0 | BK5: =IF(OR(BI5="", BJ5=""), 0, IF(OR($E5="", $G5=""), "", (IF(SIGN($E5-$G5)=SIGN(BI5-BJ5), 2, 0) + IF($E5=BI5, 1, 0) + IF($G5=BJ5, 1, 0) + IF(AND($E5=BI5, $G5=BJ5), 1, 0)))) -> 0 | BL5: =IF(OR(BI5="", BJ5="", $E5="", $G5=""), 0, IF(AND($E5=BI5, $G5=BJ5), 1, 0)) -> 0
A6: =CALENDARIO!A6 -> 5 | B6: =CALENDARIO!B6 -> 46186 | C6: =CALENDARIO!C6 -> 0.66666667 | D6: =CALENDARIO!D6 -> Catar | E6: =CALENDARIO!E6 -> 0 | F6: =CALENDARIO!F6 -> x | G6: =CALENDARIO!G6 -> 0 | H6: =CALENDARIO!H6 -> Suíça | K6: =IF(OR(I6="", J6=""), 0, IF(OR($E6="", $G6=""), "", (IF(SIGN($E6-$G6)=SIGN(I6-J6), 2, 0) + IF($E6=I6, 1, 0) + IF($G6=J6, 1, 0) + IF(AND($E6=I6, $G6=J6), 1, 0)))) -> 0 | L6: =IF(OR(I6="", J6="", $E6="", $G6=""), 0, IF(AND($E6=I6, $G6=J6), 1, 0)) -> 0 | O6: =IF(OR(M6="", N6=""), 0, IF(OR($E6="", $G6=""), "", (IF(SIGN($E6-$G6)=SIGN(M6-N6), 2, 0) + IF($E6=M6, 1, 0) + IF($G6=N6, 1, 0) + IF(AND($E6=M6, $G6=N6), 1, 0)))) -> 0 | P6: =IF(OR(M6="", N6="", $E6="", $G6=""), 0, IF(AND($E6=M6, $G6=N6), 1, 0)) -> 0 | S6: =IF(OR(Q6="", R6=""), 0, IF(OR($E6="", $G6=""), "", (IF(SIGN($E6-$G6)=SIGN(Q6-R6), 2, 0) + IF($E6=Q6, 1, 0) + IF($G6=R6, 1, 0) + IF(AND($E6=Q6, $G6=R6), 1, 0)))) -> 0 | T6: =IF(OR(Q6="", R6="", $E6="", $G6=""), 0, IF(AND($E6=Q6, $G6=R6), 1, 0)) -> 0 | W6: =IF(OR(U6="", V6=""), 0, IF(OR($E6="", $G6=""), "", (IF(SIGN($E6-$G6)=SIGN(U6-V6), 2, 0) + IF($E6=U6, 1, 0) + IF($G6=V6, 1, 0) + IF(AND($E6=U6, $G6=V6), 1, 0)))) -> 0 | X6: =IF(OR(U6="", V6="", $E6="", $G6=""), 0, IF(AND($E6=U6, $G6=V6), 1, 0)) -> 0 | AA6: =IF(OR(Y6="", Z6=""), 0, IF(OR($E6="", $G6=""), "", (IF(SIGN($E6-$G6)=SIGN(Y6-Z6), 2, 0) + IF($E6=Y6, 1, 0) + IF($G6=Z6, 1, 0) + IF(AND($E6=Y6, $G6=Z6), 1, 0)))) -> 0 | AB6: =IF(OR(Y6="", Z6="", $E6="", $G6=""), 0, IF(AND($E6=Y6, $G6=Z6), 1, 0)) -> 0 | AE6: =IF(OR(AC6="", AD6=""), 0, IF(OR($E6="", $G6=""), "", (IF(SIGN($E6-$G6)=SIGN(AC6-AD6), 2, 0) + IF($E6=AC6, 1, 0) + IF($G6=AD6, 1, 0) + IF(AND($E6=AC6, $G6=AD6), 1, 0)))) -> 0 | AF6: =IF(OR(AC6="", AD6="", $E6="", $G6=""), 0, IF(AND($E6=AC6, $G6=AD6), 1, 0)) -> 0 | AI6: =IF(OR(AG6="", AH6=""), 0, IF(OR($E6="", $G6=""), "", (IF(SIGN($E6-$G6)=SIGN(AG6-AH6), 2, 0) + IF($E6=AG6, 1, 0) + IF($G6=AH6, 1, 0) + IF(AND($E6=AG6, $G6=AH6), 1, 0)))) -> 0 | AJ6: =IF(OR(AG6="", AH6="", $E6="", $G6=""), 0, IF(AND($E6=AG6, $G6=AH6), 1, 0)) -> 0 | AM6: =IF(OR(AK6="", AL6=""), 0, IF(OR($E6="", $G6=""), "", (IF(SIGN($E6-$G6)=SIGN(AK6-AL6), 2, 0) + IF($E6=AK6, 1, 0) + IF($G6=AL6, 1, 0) + IF(AND($E6=AK6, $G6=AL6), 1, 0)))) -> 0 | AN6: =IF(OR(AK6="", AL6="", $E6="", $G6=""), 0, IF(AND($E6=AK6, $G6=AL6), 1, 0)) -> 0 | AQ6: =IF(OR(AO6="", AP6=""), 0, IF(OR($E6="", $G6=""), "", (IF(SIGN($E6-$G6)=SIGN(AO6-AP6), 2, 0) + IF($E6=AO6, 1, 0) + IF($G6=AP6, 1, 0) + IF(AND($E6=AO6, $G6=AP6), 1, 0)))) -> 0 | AR6: =IF(OR(AO6="", AP6="", $E6="", $G6=""), 0, IF(AND($E6=AO6, $G6=AP6), 1, 0)) -> 0 | AU6: =IF(OR(AS6="", AT6=""), 0, IF(OR($E6="", $G6=""), "", (IF(SIGN($E6-$G6)=SIGN(AS6-AT6), 2, 0) + IF($E6=AS6, 1, 0) + IF($G6=AT6, 1, 0) + IF(AND($E6=AS6, $G6=AT6), 1, 0)))) -> 0 | AV6: =IF(OR(AS6="", AT6="", $E6="", $G6=""), 0, IF(AND($E6=AS6, $G6=AT6), 1, 0)) -> 0 | AY6: =IF(OR(AW6="", AX6=""), 0, IF(OR($E6="", $G6=""), "", (IF(SIGN($E6-$G6)=SIGN(AW6-AX6), 2, 0) + IF($E6=AW6, 1, 0) + IF($G6=AX6, 1, 0) + IF(AND($E6=AW6, $G6=AX6), 1, 0)))) -> 0 | AZ6: =IF(OR(AW6="", AX6="", $E6="", $G6=""), 0, IF(AND($E6=AW6, $G6=AX6), 1, 0)) -> 0 | BC6: =IF(OR(BA6="", BB6=""), 0, IF(OR($E6="", $G6=""), "", (IF(SIGN($E6-$G6)=SIGN(BA6-BB6), 2, 0) + IF($E6=BA6, 1, 0) + IF($G6=BB6, 1, 0) + IF(AND($E6=BA6, $G6=BB6), 1, 0)))) -> 0 | BD6: =IF(OR(BA6="", BB6="", $E6="", $G6=""), 0, IF(AND($E6=BA6, $G6=BB6), 1, 0)) -> 0 | BG6: =IF(OR(BE6="", BF6=""), 0, IF(OR($E6="", $G6=""), "", (IF(SIGN($E6-$G6)=SIGN(BE6-BF6), 2, 0) + IF($E6=BE6, 1, 0) + IF($G6=BF6, 1, 0) + IF(AND($E6=BE6, $G6=BF6), 1, 0)))) -> 0 | BH6: =IF(OR(BE6="", BF6="", $E6="", $G6=""), 0, IF(AND($E6=BE6, $G6=BF6), 1, 0)) -> 0 | BK6: =IF(OR(BI6="", BJ6=""), 0, IF(OR($E6="", $G6=""), "", (IF(SIGN($E6-$G6)=SIGN(BI6-BJ6), 2, 0) + IF($E6=BI6, 1, 0) + IF($G6=BJ6, 1, 0) + IF(AND($E6=BI6, $G6=BJ6), 1, 0)))) -> 0 | BL6: =IF(OR(BI6="", BJ6="", $E6="", $G6=""), 0, IF(AND($E6=BI6, $G6=BJ6), 1, 0)) -> 0
A7: =CALENDARIO!A7 -> 6 | B7: =CALENDARIO!B7 -> 46186 | C7: =CALENDARIO!C7 -> 0.79166667 | D7: =CALENDARIO!D7 -> Brasil | E7: =CALENDARIO!E7 -> 0 | F7: =CALENDARIO!F7 -> x | G7: =CALENDARIO!G7 -> 0 | H7: =CALENDARIO!H7 -> Marrocos | K7: =IF(OR(I7="", J7=""), 0, IF(OR($E7="", $G7=""), "", (IF(SIGN($E7-$G7)=SIGN(I7-J7), 2, 0) + IF($E7=I7, 1, 0) + IF($G7=J7, 1, 0) + IF(AND($E7=I7, $G7=J7), 1, 0)))) -> 0 | L7: =IF(OR(I7="", J7="", $E7="", $G7=""), 0, IF(AND($E7=I7, $G7=J7), 1, 0)) -> 0 | O7: =IF(OR(M7="", N7=""), 0, IF(OR($E7="", $G7=""), "", (IF(SIGN($E7-$G7)=SIGN(M7-N7), 2, 0) + IF($E7=M7, 1, 0) + IF($G7=N7, 1, 0) + IF(AND($E7=M7, $G7=N7), 1, 0)))) -> 0 | P7: =IF(OR(M7="", N7="", $E7="", $G7=""), 0, IF(AND($E7=M7, $G7=N7), 1, 0)) -> 0 | S7: =IF(OR(Q7="", R7=""), 0, IF(OR($E7="", $G7=""), "", (IF(SIGN($E7-$G7)=SIGN(Q7-R7), 2, 0) + IF($E7=Q7, 1, 0) + IF($G7=R7, 1, 0) + IF(AND($E7=Q7, $G7=R7), 1, 0)))) -> 0 | T7: =IF(OR(Q7="", R7="", $E7="", $G7=""), 0, IF(AND($E7=Q7, $G7=R7), 1, 0)) -> 0 | W7: =IF(OR(U7="", V7=""), 0, IF(OR($E7="", $G7=""), "", (IF(SIGN($E7-$G7)=SIGN(U7-V7), 2, 0) + IF($E7=U7, 1, 0) + IF($G7=V7, 1, 0) + IF(AND($E7=U7, $G7=V7), 1, 0)))) -> 0 | X7: =IF(OR(U7="", V7="", $E7="", $G7=""), 0, IF(AND($E7=U7, $G7=V7), 1, 0)) -> 0 | AA7: =IF(OR(Y7="", Z7=""), 0, IF(OR($E7="", $G7=""), "", (IF(SIGN($E7-$G7)=SIGN(Y7-Z7), 2, 0) + IF($E7=Y7, 1, 0) + IF($G7=Z7, 1, 0) + IF(AND($E7=Y7, $G7=Z7), 1, 0)))) -> 0 | AB7: =IF(OR(Y7="", Z7="", $E7="", $G7=""), 0, IF(AND($E7=Y7, $G7=Z7), 1, 0)) -> 0 | AE7: =IF(OR(AC7="", AD7=""), 0, IF(OR($E7="", $G7=""), "", (IF(SIGN($E7-$G7)=SIGN(AC7-AD7), 2, 0) + IF($E7=AC7, 1, 0) + IF($G7=AD7, 1, 0) + IF(AND($E7=AC7, $G7=AD7), 1, 0)))) -> 0 | AF7: =IF(OR(AC7="", AD7="", $E7="", $G7=""), 0, IF(AND($E7=AC7, $G7=AD7), 1, 0)) -> 0 | AI7: =IF(OR(AG7="", AH7=""), 0, IF(OR($E7="", $G7=""), "", (IF(SIGN($E7-$G7)=SIGN(AG7-AH7), 2, 0) + IF($E7=AG7, 1, 0) + IF($G7=AH7, 1, 0) + IF(AND($E7=AG7, $G7=AH7), 1, 0)))) -> 0 | AJ7: =IF(OR(AG7="", AH7="", $E7="", $G7=""), 0, IF(AND($E7=AG7, $G7=AH7), 1, 0)) -> 0 | AM7: =IF(OR(AK7="", AL7=""), 0, IF(OR($E7="", $G7=""), "", (IF(SIGN($E7-$G7)=SIGN(AK7-AL7), 2, 0) + IF($E7=AK7, 1, 0) + IF($G7=AL7, 1, 0) + IF(AND($E7=AK7, $G7=AL7), 1, 0)))) -> 0 | AN7: =IF(OR(AK7="", AL7="", $E7="", $G7=""), 0, IF(AND($E7=AK7, $G7=AL7), 1, 0)) -> 0 | AQ7: =IF(OR(AO7="", AP7=""), 0, IF(OR($E7="", $G7=""), "", (IF(SIGN($E7-$G7)=SIGN(AO7-AP7), 2, 0) + IF($E7=AO7, 1, 0) + IF($G7=AP7, 1, 0) + IF(AND($E7=AO7, $G7=AP7), 1, 0)))) -> 0 | AR7: =IF(OR(AO7="", AP7="", $E7="", $G7=""), 0, IF(AND($E7=AO7, $G7=AP7), 1, 0)) -> 0 | AU7: =IF(OR(AS7="", AT7=""), 0, IF(OR($E7="", $G7=""), "", (IF(SIGN($E7-$G7)=SIGN(AS7-AT7), 2, 0) + IF($E7=AS7, 1, 0) + IF($G7=AT7, 1, 0) + IF(AND($E7=AS7, $G7=AT7), 1, 0)))) -> 0 | AV7: =IF(OR(AS7="", AT7="", $E7="", $G7=""), 0, IF(AND($E7=AS7, $G7=AT7), 1, 0)) -> 0 | AY7: =IF(OR(AW7="", AX7=""), 0, IF(OR($E7="", $G7=""), "", (IF(SIGN($E7-$G7)=SIGN(AW7-AX7), 2, 0) + IF($E7=AW7, 1, 0) + IF($G7=AX7, 1, 0) + IF(AND($E7=AW7, $G7=AX7), 1, 0)))) -> 0 | AZ7: =IF(OR(AW7="", AX7="", $E7="", $G7=""), 0, IF(AND($E7=AW7, $G7=AX7), 1, 0)) -> 0 | BC7: =IF(OR(BA7="", BB7=""), 0, IF(OR($E7="", $G7=""), "", (IF(SIGN($E7-$G7)=SIGN(BA7-BB7), 2, 0) + IF($E7=BA7, 1, 0) + IF($G7=BB7, 1, 0) + IF(AND($E7=BA7, $G7=BB7), 1, 0)))) -> 0 | BD7: =IF(OR(BA7="", BB7="", $E7="", $G7=""), 0, IF(AND($E7=BA7, $G7=BB7), 1, 0)) -> 0 | BG7: =IF(OR(BE7="", BF7=""), 0, IF(OR($E7="", $G7=""), "", (IF(SIGN($E7-$G7)=SIGN(BE7-BF7), 2, 0) + IF($E7=BE7, 1, 0) + IF($G7=BF7, 1, 0) + IF(AND($E7=BE7, $G7=BF7), 1, 0)))) -> 0 | BH7: =IF(OR(BE7="", BF7="", $E7="", $G7=""), 0, IF(AND($E7=BE7, $G7=BF7), 1, 0)) -> 0 | BK7: =IF(OR(BI7="", BJ7=""), 0, IF(OR($E7="", $G7=""), "", (IF(SIGN($E7-$G7)=SIGN(BI7-BJ7), 2, 0) + IF($E7=BI7, 1, 0) + IF($G7=BJ7, 1, 0) + IF(AND($E7=BI7, $G7=BJ7), 1, 0)))) -> 0 | BL7: =IF(OR(BI7="", BJ7="", $E7="", $G7=""), 0, IF(AND($E7=BI7, $G7=BJ7), 1, 0)) -> 0
A8: =CALENDARIO!A8 -> 7 | B8: =CALENDARIO!B8 -> 46186 | C8: =CALENDARIO!C8 -> 0.91666667 | D8: =CALENDARIO!D8 -> Haiti | E8: =CALENDARIO!E8 -> 0 | F8: =CALENDARIO!F8 -> x | G8: =CALENDARIO!G8 -> 0 | H8: =CALENDARIO!H8 -> Escócia | K8: =IF(OR(I8="", J8=""), 0, IF(OR($E8="", $G8=""), "", (IF(SIGN($E8-$G8)=SIGN(I8-J8), 2, 0) + IF($E8=I8, 1, 0) + IF($G8=J8, 1, 0) + IF(AND($E8=I8, $G8=J8), 1, 0)))) -> 0 | L8: =IF(OR(I8="", J8="", $E8="", $G8=""), 0, IF(AND($E8=I8, $G8=J8), 1, 0)) -> 0 | O8: =IF(OR(M8="", N8=""), 0, IF(OR($E8="", $G8=""), "", (IF(SIGN($E8-$G8)=SIGN(M8-N8), 2, 0) + IF($E8=M8, 1, 0) + IF($G8=N8, 1, 0) + IF(AND($E8=M8, $G8=N8), 1, 0)))) -> 0 | P8: =IF(OR(M8="", N8="", $E8="", $G8=""), 0, IF(AND($E8=M8, $G8=N8), 1, 0)) -> 0 | S8: =IF(OR(Q8="", R8=""), 0, IF(OR($E8="", $G8=""), "", (IF(SIGN($E8-$G8)=SIGN(Q8-R8), 2, 0) + IF($E8=Q8, 1, 0) + IF($G8=R8, 1, 0) + IF(AND($E8=Q8, $G8=R8), 1, 0)))) -> 0 | T8: =IF(OR(Q8="", R8="", $E8="", $G8=""), 0, IF(AND($E8=Q8, $G8=R8), 1, 0)) -> 0 | W8: =IF(OR(U8="", V8=""), 0, IF(OR($E8="", $G8=""), "", (IF(SIGN($E8-$G8)=SIGN(U8-V8), 2, 0) + IF($E8=U8, 1, 0) + IF($G8=V8, 1, 0) + IF(AND($E8=U8, $G8=V8), 1, 0)))) -> 0 | X8: =IF(OR(U8="", V8="", $E8="", $G8=""), 0, IF(AND($E8=U8, $G8=V8), 1, 0)) -> 0 | AA8: =IF(OR(Y8="", Z8=""), 0, IF(OR($E8="", $G8=""), "", (IF(SIGN($E8-$G8)=SIGN(Y8-Z8), 2, 0) + IF($E8=Y8, 1, 0) + IF($G8=Z8, 1, 0) + IF(AND($E8=Y8, $G8=Z8), 1, 0)))) -> 0 | AB8: =IF(OR(Y8="", Z8="", $E8="", $G8=""), 0, IF(AND($E8=Y8, $G8=Z8), 1, 0)) -> 0 | AE8: =IF(OR(AC8="", AD8=""), 0, IF(OR($E8="", $G8=""), "", (IF(SIGN($E8-$G8)=SIGN(AC8-AD8), 2, 0) + IF($E8=AC8, 1, 0) + IF($G8=AD8, 1, 0) + IF(AND($E8=AC8, $G8=AD8), 1, 0)))) -> 0 | AF8: =IF(OR(AC8="", AD8="", $E8="", $G8=""), 0, IF(AND($E8=AC8, $G8=AD8), 1, 0)) -> 0 | AI8: =IF(OR(AG8="", AH8=""), 0, IF(OR($E8="", $G8=""), "", (IF(SIGN($E8-$G8)=SIGN(AG8-AH8), 2, 0) + IF($E8=AG8, 1, 0) + IF($G8=AH8, 1, 0) + IF(AND($E8=AG8, $G8=AH8), 1, 0)))) -> 0 | AJ8: =IF(OR(AG8="", AH8="", $E8="", $G8=""), 0, IF(AND($E8=AG8, $G8=AH8), 1, 0)) -> 0 | AM8: =IF(OR(AK8="", AL8=""), 0, IF(OR($E8="", $G8=""), "", (IF(SIGN($E8-$G8)=SIGN(AK8-AL8), 2, 0) + IF($E8=AK8, 1, 0) + IF($G8=AL8, 1, 0) + IF(AND($E8=AK8, $G8=AL8), 1, 0)))) -> 0 | AN8: =IF(OR(AK8="", AL8="", $E8="", $G8=""), 0, IF(AND($E8=AK8, $G8=AL8), 1, 0)) -> 0 | AQ8: =IF(OR(AO8="", AP8=""), 0, IF(OR($E8="", $G8=""), "", (IF(SIGN($E8-$G8)=SIGN(AO8-AP8), 2, 0) + IF($E8=AO8, 1, 0) + IF($G8=AP8, 1, 0) + IF(AND($E8=AO8, $G8=AP8), 1, 0)))) -> 0 | AR8: =IF(OR(AO8="", AP8="", $E8="", $G8=""), 0, IF(AND($E8=AO8, $G8=AP8), 1, 0)) -> 0 | AU8: =IF(OR(AS8="", AT8=""), 0, IF(OR($E8="", $G8=""), "", (IF(SIGN($E8-$G8)=SIGN(AS8-AT8), 2, 0) + IF($E8=AS8, 1, 0) + IF($G8=AT8, 1, 0) + IF(AND($E8=AS8, $G8=AT8), 1, 0)))) -> 0 | AV8: =IF(OR(AS8="", AT8="", $E8="", $G8=""), 0, IF(AND($E8=AS8, $G8=AT8), 1, 0)) -> 0 | AY8: =IF(OR(AW8="", AX8=""), 0, IF(OR($E8="", $G8=""), "", (IF(SIGN($E8-$G8)=SIGN(AW8-AX8), 2, 0) + IF($E8=AW8, 1, 0) + IF($G8=AX8, 1, 0) + IF(AND($E8=AW8, $G8=AX8), 1, 0)))) -> 0 | AZ8: =IF(OR(AW8="", AX8="", $E8="", $G8=""), 0, IF(AND($E8=AW8, $G8=AX8), 1, 0)) -> 0 | BC8: =IF(OR(BA8="", BB8=""), 0, IF(OR($E8="", $G8=""), "", (IF(SIGN($E8-$G8)=SIGN(BA8-BB8), 2, 0) + IF($E8=BA8, 1, 0) + IF($G8=BB8, 1, 0) + IF(AND($E8=BA8, $G8=BB8), 1, 0)))) -> 0 | BD8: =IF(OR(BA8="", BB8="", $E8="", $G8=""), 0, IF(AND($E8=BA8, $G8=BB8), 1, 0)) -> 0 | BG8: =IF(OR(BE8="", BF8=""), 0, IF(OR($E8="", $G8=""), "", (IF(SIGN($E8-$G8)=SIGN(BE8-BF8), 2, 0) + IF($E8=BE8, 1, 0) + IF($G8=BF8, 1, 0) + IF(AND($E8=BE8, $G8=BF8), 1, 0)))) -> 0 | BH8: =IF(OR(BE8="", BF8="", $E8="", $G8=""), 0, IF(AND($E8=BE8, $G8=BF8), 1, 0)) -> 0 | BK8: =IF(OR(BI8="", BJ8=""), 0, IF(OR($E8="", $G8=""), "", (IF(SIGN($E8-$G8)=SIGN(BI8-BJ8), 2, 0) + IF($E8=BI8, 1, 0) + IF($G8=BJ8, 1, 0) + IF(AND($E8=BI8, $G8=BJ8), 1, 0)))) -> 0 | BL8: =IF(OR(BI8="", BJ8="", $E8="", $G8=""), 0, IF(AND($E8=BI8, $G8=BJ8), 1, 0)) -> 0
A9: =CALENDARIO!A9 -> 8 | B9: =CALENDARIO!B9 -> 46187 | C9: =CALENDARIO!C9 -> 0.041666667 | D9: =CALENDARIO!D9 -> Austrália | E9: =CALENDARIO!E9 -> 0 | F9: =CALENDARIO!F9 -> x | G9: =CALENDARIO!G9 -> 0 | H9: =CALENDARIO!H9 -> Turquia | K9: =IF(OR(I9="", J9=""), 0, IF(OR($E9="", $G9=""), "", (IF(SIGN($E9-$G9)=SIGN(I9-J9), 2, 0) + IF($E9=I9, 1, 0) + IF($G9=J9, 1, 0) + IF(AND($E9=I9, $G9=J9), 1, 0)))) -> 0 | L9: =IF(OR(I9="", J9="", $E9="", $G9=""), 0, IF(AND($E9=I9, $G9=J9), 1, 0)) -> 0 | O9: =IF(OR(M9="", N9=""), 0, IF(OR($E9="", $G9=""), "", (IF(SIGN($E9-$G9)=SIGN(M9-N9), 2, 0) + IF($E9=M9, 1, 0) + IF($G9=N9, 1, 0) + IF(AND($E9=M9, $G9=N9), 1, 0)))) -> 0 | P9: =IF(OR(M9="", N9="", $E9="", $G9=""), 0, IF(AND($E9=M9, $G9=N9), 1, 0)) -> 0 | S9: =IF(OR(Q9="", R9=""), 0, IF(OR($E9="", $G9=""), "", (IF(SIGN($E9-$G9)=SIGN(Q9-R9), 2, 0) + IF($E9=Q9, 1, 0) + IF($G9=R9, 1, 0) + IF(AND($E9=Q9, $G9=R9), 1, 0)))) -> 0 | T9: =IF(OR(Q9="", R9="", $E9="", $G9=""), 0, IF(AND($E9=Q9, $G9=R9), 1, 0)) -> 0 | W9: =IF(OR(U9="", V9=""), 0, IF(OR($E9="", $G9=""), "", (IF(SIGN($E9-$G9)=SIGN(U9-V9), 2, 0) + IF($E9=U9, 1, 0) + IF($G9=V9, 1, 0) + IF(AND($E9=U9, $G9=V9), 1, 0)))) -> 0 | X9: =IF(OR(U9="", V9="", $E9="", $G9=""), 0, IF(AND($E9=U9, $G9=V9), 1, 0)) -> 0 | AA9: =IF(OR(Y9="", Z9=""), 0, IF(OR($E9="", $G9=""), "", (IF(SIGN($E9-$G9)=SIGN(Y9-Z9), 2, 0) + IF($E9=Y9, 1, 0) + IF($G9=Z9, 1, 0) + IF(AND($E9=Y9, $G9=Z9), 1, 0)))) -> 0 | AB9: =IF(OR(Y9="", Z9="", $E9="", $G9=""), 0, IF(AND($E9=Y9, $G9=Z9), 1, 0)) -> 0 | AE9: =IF(OR(AC9="", AD9=""), 0, IF(OR($E9="", $G9=""), "", (IF(SIGN($E9-$G9)=SIGN(AC9-AD9), 2, 0) + IF($E9=AC9, 1, 0) + IF($G9=AD9, 1, 0) + IF(AND($E9=AC9, $G9=AD9), 1, 0)))) -> 0 | AF9: =IF(OR(AC9="", AD9="", $E9="", $G9=""), 0, IF(AND($E9=AC9, $G9=AD9), 1, 0)) -> 0 | AI9: =IF(OR(AG9="", AH9=""), 0, IF(OR($E9="", $G9=""), "", (IF(SIGN($E9-$G9)=SIGN(AG9-AH9), 2, 0) + IF($E9=AG9, 1, 0) + IF($G9=AH9, 1, 0) + IF(AND($E9=AG9, $G9=AH9), 1, 0)))) -> 0 | AJ9: =IF(OR(AG9="", AH9="", $E9="", $G9=""), 0, IF(AND($E9=AG9, $G9=AH9), 1, 0)) -> 0 | AM9: =IF(OR(AK9="", AL9=""), 0, IF(OR($E9="", $G9=""), "", (IF(SIGN($E9-$G9)=SIGN(AK9-AL9), 2, 0) + IF($E9=AK9, 1, 0) + IF($G9=AL9, 1, 0) + IF(AND($E9=AK9, $G9=AL9), 1, 0)))) -> 0 | AN9: =IF(OR(AK9="", AL9="", $E9="", $G9=""), 0, IF(AND($E9=AK9, $G9=AL9), 1, 0)) -> 0 | AQ9: =IF(OR(AO9="", AP9=""), 0, IF(OR($E9="", $G9=""), "", (IF(SIGN($E9-$G9)=SIGN(AO9-AP9), 2, 0) + IF($E9=AO9, 1, 0) + IF($G9=AP9, 1, 0) + IF(AND($E9=AO9, $G9=AP9), 1, 0)))) -> 0 | AR9: =IF(OR(AO9="", AP9="", $E9="", $G9=""), 0, IF(AND($E9=AO9, $G9=AP9), 1, 0)) -> 0 | AU9: =IF(OR(AS9="", AT9=""), 0, IF(OR($E9="", $G9=""), "", (IF(SIGN($E9-$G9)=SIGN(AS9-AT9), 2, 0) + IF($E9=AS9, 1, 0) + IF($G9=AT9, 1, 0) + IF(AND($E9=AS9, $G9=AT9), 1, 0)))) -> 0 | AV9: =IF(OR(AS9="", AT9="", $E9="", $G9=""), 0, IF(AND($E9=AS9, $G9=AT9), 1, 0)) -> 0 | AY9: =IF(OR(AW9="", AX9=""), 0, IF(OR($E9="", $G9=""), "", (IF(SIGN($E9-$G9)=SIGN(AW9-AX9), 2, 0) + IF($E9=AW9, 1, 0) + IF($G9=AX9, 1, 0) + IF(AND($E9=AW9, $G9=AX9), 1, 0)))) -> 0 | AZ9: =IF(OR(AW9="", AX9="", $E9="", $G9=""), 0, IF(AND($E9=AW9, $G9=AX9), 1, 0)) -> 0 | BC9: =IF(OR(BA9="", BB9=""), 0, IF(OR($E9="", $G9=""), "", (IF(SIGN($E9-$G9)=SIGN(BA9-BB9), 2, 0) + IF($E9=BA9, 1, 0) + IF($G9=BB9, 1, 0) + IF(AND($E9=BA9, $G9=BB9), 1, 0)))) -> 0 | BD9: =IF(OR(BA9="", BB9="", $E9="", $G9=""), 0, IF(AND($E9=BA9, $G9=BB9), 1, 0)) -> 0 | BG9: =IF(OR(BE9="", BF9=""), 0, IF(OR($E9="", $G9=""), "", (IF(SIGN($E9-$G9)=SIGN(BE9-BF9), 2, 0) + IF($E9=BE9, 1, 0) + IF($G9=BF9, 1, 0) + IF(AND($E9=BE9, $G9=BF9), 1, 0)))) -> 0 | BH9: =IF(OR(BE9="", BF9="", $E9="", $G9=""), 0, IF(AND($E9=BE9, $G9=BF9), 1, 0)) -> 0 | BK9: =IF(OR(BI9="", BJ9=""), 0, IF(OR($E9="", $G9=""), "", (IF(SIGN($E9-$G9)=SIGN(BI9-BJ9), 2, 0) + IF($E9=BI9, 1, 0) + IF($G9=BJ9, 1, 0) + IF(AND($E9=BI9, $G9=BJ9), 1, 0)))) -> 0 | BL9: =IF(OR(BI9="", BJ9="", $E9="", $G9=""), 0, IF(AND($E9=BI9, $G9=BJ9), 1, 0)) -> 0
A10: =CALENDARIO!A10 -> 9 | B10: =CALENDARIO!B10 -> 46187 | C10: =CALENDARIO!C10 -> 0.58333333 | D10: =CALENDARIO!D10 -> Alemanha | E10: =CALENDARIO!E10 -> 0 | F10: =CALENDARIO!F10 -> x | G10: =CALENDARIO!G10 -> 0 | H10: =CALENDARIO!H10 -> Curaçau | K10: =IF(OR(I10="", J10=""), 0, IF(OR($E10="", $G10=""), "", (IF(SIGN($E10-$G10)=SIGN(I10-J10), 2, 0) + IF($E10=I10, 1, 0) + IF($G10=J10, 1, 0) + IF(AND($E10=I10, $G10=J10), 1, 0)))) -> 0 | L10: =IF(OR(I10="", J10="", $E10="", $G10=""), 0, IF(AND($E10=I10, $G10=J10), 1, 0)) -> 0 | O10: =IF(OR(M10="", N10=""), 0, IF(OR($E10="", $G10=""), "", (IF(SIGN($E10-$G10)=SIGN(M10-N10), 2, 0) + IF($E10=M10, 1, 0) + IF($G10=N10, 1, 0) + IF(AND($E10=M10, $G10=N10), 1, 0)))) -> 0 | P10: =IF(OR(M10="", N10="", $E10="", $G10=""), 0, IF(AND($E10=M10, $G10=N10), 1, 0)) -> 0 | S10: =IF(OR(Q10="", R10=""), 0, IF(OR($E10="", $G10=""), "", (IF(SIGN($E10-$G10)=SIGN(Q10-R10), 2, 0) + IF($E10=Q10, 1, 0) + IF($G10=R10, 1, 0) + IF(AND($E10=Q10, $G10=R10), 1, 0)))) -> 0 | T10: =IF(OR(Q10="", R10="", $E10="", $G10=""), 0, IF(AND($E10=Q10, $G10=R10), 1, 0)) -> 0 | W10: =IF(OR(U10="", V10=""), 0, IF(OR($E10="", $G10=""), "", (IF(SIGN($E10-$G10)=SIGN(U10-V10), 2, 0) + IF($E10=U10, 1, 0) + IF($G10=V10, 1, 0) + IF(AND($E10=U10, $G10=V10), 1, 0)))) -> 0 | X10: =IF(OR(U10="", V10="", $E10="", $G10=""), 0, IF(AND($E10=U10, $G10=V10), 1, 0)) -> 0 | AA10: =IF(OR(Y10="", Z10=""), 0, IF(OR($E10="", $G10=""), "", (IF(SIGN($E10-$G10)=SIGN(Y10-Z10), 2, 0) + IF($E10=Y10, 1, 0) + IF($G10=Z10, 1, 0) + IF(AND($E10=Y10, $G10=Z10), 1, 0)))) -> 0 | AB10: =IF(OR(Y10="", Z10="", $E10="", $G10=""), 0, IF(AND($E10=Y10, $G10=Z10), 1, 0)) -> 0 | AE10: =IF(OR(AC10="", AD10=""), 0, IF(OR($E10="", $G10=""), "", (IF(SIGN($E10-$G10)=SIGN(AC10-AD10), 2, 0) + IF($E10=AC10, 1, 0) + IF($G10=AD10, 1, 0) + IF(AND($E10=AC10, $G10=AD10), 1, 0)))) -> 0 | AF10: =IF(OR(AC10="", AD10="", $E10="", $G10=""), 0, IF(AND($E10=AC10, $G10=AD10), 1, 0)) -> 0 | AI10: =IF(OR(AG10="", AH10=""), 0, IF(OR($E10="", $G10=""), "", (IF(SIGN($E10-$G10)=SIGN(AG10-AH10), 2, 0) + IF($E10=AG10, 1, 0) + IF($G10=AH10, 1, 0) + IF(AND($E10=AG10, $G10=AH10), 1, 0)))) -> 0 | AJ10: =IF(OR(AG10="", AH10="", $E10="", $G10=""), 0, IF(AND($E10=AG10, $G10=AH10), 1, 0)) -> 0 | AM10: =IF(OR(AK10="", AL10=""), 0, IF(OR($E10="", $G10=""), "", (IF(SIGN($E10-$G10)=SIGN(AK10-AL10), 2, 0) + IF($E10=AK10, 1, 0) + IF($G10=AL10, 1, 0) + IF(AND($E10=AK10, $G10=AL10), 1, 0)))) -> 0 | AN10: =IF(OR(AK10="", AL10="", $E10="", $G10=""), 0, IF(AND($E10=AK10, $G10=AL10), 1, 0)) -> 0 | AQ10: =IF(OR(AO10="", AP10=""), 0, IF(OR($E10="", $G10=""), "", (IF(SIGN($E10-$G10)=SIGN(AO10-AP10), 2, 0) + IF($E10=AO10, 1, 0) + IF($G10=AP10, 1, 0) + IF(AND($E10=AO10, $G10=AP10), 1, 0)))) -> 0 | AR10: =IF(OR(AO10="", AP10="", $E10="", $G10=""), 0, IF(AND($E10=AO10, $G10=AP10), 1, 0)) -> 0 | AU10: =IF(OR(AS10="", AT10=""), 0, IF(OR($E10="", $G10=""), "", (IF(SIGN($E10-$G10)=SIGN(AS10-AT10), 2, 0) + IF($E10=AS10, 1, 0) + IF($G10=AT10, 1, 0) + IF(AND($E10=AS10, $G10=AT10), 1, 0)))) -> 0 | AV10: =IF(OR(AS10="", AT10="", $E10="", $G10=""), 0, IF(AND($E10=AS10, $G10=AT10), 1, 0)) -> 0 | AY10: =IF(OR(AW10="", AX10=""), 0, IF(OR($E10="", $G10=""), "", (IF(SIGN($E10-$G10)=SIGN(AW10-AX10), 2, 0) + IF($E10=AW10, 1, 0) + IF($G10=AX10, 1, 0) + IF(AND($E10=AW10, $G10=AX10), 1, 0)))) -> 0 | AZ10: =IF(OR(AW10="", AX10="", $E10="", $G10=""), 0, IF(AND($E10=AW10, $G10=AX10), 1, 0)) -> 0 | BC10: =IF(OR(BA10="", BB10=""), 0, IF(OR($E10="", $G10=""), "", (IF(SIGN($E10-$G10)=SIGN(BA10-BB10), 2, 0) + IF($E10=BA10, 1, 0) + IF($G10=BB10, 1, 0) + IF(AND($E10=BA10, $G10=BB10), 1, 0)))) -> 0 | BD10: =IF(OR(BA10="", BB10="", $E10="", $G10=""), 0, IF(AND($E10=BA10, $G10=BB10), 1, 0)) -> 0 | BG10: =IF(OR(BE10="", BF10=""), 0, IF(OR($E10="", $G10=""), "", (IF(SIGN($E10-$G10)=SIGN(BE10-BF10), 2, 0) + IF($E10=BE10, 1, 0) + IF($G10=BF10, 1, 0) + IF(AND($E10=BE10, $G10=BF10), 1, 0)))) -> 0 | BH10: =IF(OR(BE10="", BF10="", $E10="", $G10=""), 0, IF(AND($E10=BE10, $G10=BF10), 1, 0)) -> 0 | BK10: =IF(OR(BI10="", BJ10=""), 0, IF(OR($E10="", $G10=""), "", (IF(SIGN($E10-$G10)=SIGN(BI10-BJ10), 2, 0) + IF($E10=BI10, 1, 0) + IF($G10=BJ10, 1, 0) + IF(AND($E10=BI10, $G10=BJ10), 1, 0)))) -> 0 | BL10: =IF(OR(BI10="", BJ10="", $E10="", $G10=""), 0, IF(AND($E10=BI10, $G10=BJ10), 1, 0)) -> 0
A11: =CALENDARIO!A11 -> 10 | B11: =CALENDARIO!B11 -> 46187 | C11: =CALENDARIO!C11 -> 0.83333333 | D11: =CALENDARIO!D11 -> Costa do Marfim | E11: =CALENDARIO!E11 -> 0 | F11: =CALENDARIO!F11 -> x | G11: =CALENDARIO!G11 -> 0 | H11: =CALENDARIO!H11 -> Equador | K11: =IF(OR(I11="", J11=""), 0, IF(OR($E11="", $G11=""), "", (IF(SIGN($E11-$G11)=SIGN(I11-J11), 2, 0) + IF($E11=I11, 1, 0) + IF($G11=J11, 1, 0) + IF(AND($E11=I11, $G11=J11), 1, 0)))) -> 0 | L11: =IF(OR(I11="", J11="", $E11="", $G11=""), 0, IF(AND($E11=I11, $G11=J11), 1, 0)) -> 0 | O11: =IF(OR(M11="", N11=""), 0, IF(OR($E11="", $G11=""), "", (IF(SIGN($E11-$G11)=SIGN(M11-N11), 2, 0) + IF($E11=M11, 1, 0) + IF($G11=N11, 1, 0) + IF(AND($E11=M11, $G11=N11), 1, 0)))) -> 0 | P11: =IF(OR(M11="", N11="", $E11="", $G11=""), 0, IF(AND($E11=M11, $G11=N11), 1, 0)) -> 0 | S11: =IF(OR(Q11="", R11=""), 0, IF(OR($E11="", $G11=""), "", (IF(SIGN($E11-$G11)=SIGN(Q11-R11), 2, 0) + IF($E11=Q11, 1, 0) + IF($G11=R11, 1, 0) + IF(AND($E11=Q11, $G11=R11), 1, 0)))) -> 0 | T11: =IF(OR(Q11="", R11="", $E11="", $G11=""), 0, IF(AND($E11=Q11, $G11=R11), 1, 0)) -> 0 | W11: =IF(OR(U11="", V11=""), 0, IF(OR($E11="", $G11=""), "", (IF(SIGN($E11-$G11)=SIGN(U11-V11), 2, 0) + IF($E11=U11, 1, 0) + IF($G11=V11, 1, 0) + IF(AND($E11=U11, $G11=V11), 1, 0)))) -> 0 | X11: =IF(OR(U11="", V11="", $E11="", $G11=""), 0, IF(AND($E11=U11, $G11=V11), 1, 0)) -> 0 | AA11: =IF(OR(Y11="", Z11=""), 0, IF(OR($E11="", $G11=""), "", (IF(SIGN($E11-$G11)=SIGN(Y11-Z11), 2, 0) + IF($E11=Y11, 1, 0) + IF($G11=Z11, 1, 0) + IF(AND($E11=Y11, $G11=Z11), 1, 0)))) -> 0 | AB11: =IF(OR(Y11="", Z11="", $E11="", $G11=""), 0, IF(AND($E11=Y11, $G11=Z11), 1, 0)) -> 0 | AE11: =IF(OR(AC11="", AD11=""), 0, IF(OR($E11="", $G11=""), "", (IF(SIGN($E11-$G11)=SIGN(AC11-AD11), 2, 0) + IF($E11=AC11, 1, 0) + IF($G11=AD11, 1, 0) + IF(AND($E11=AC11, $G11=AD11), 1, 0)))) -> 0 | AF11: =IF(OR(AC11="", AD11="", $E11="", $G11=""), 0, IF(AND($E11=AC11, $G11=AD11), 1, 0)) -> 0 | AI11: =IF(OR(AG11="", AH11=""), 0, IF(OR($E11="", $G11=""), "", (IF(SIGN($E11-$G11)=SIGN(AG11-AH11), 2, 0) + IF($E11=AG11, 1, 0) + IF($G11=AH11, 1, 0) + IF(AND($E11=AG11, $G11=AH11), 1, 0)))) -> 0 | AJ11: =IF(OR(AG11="", AH11="", $E11="", $G11=""), 0, IF(AND($E11=AG11, $G11=AH11), 1, 0)) -> 0 | AM11: =IF(OR(AK11="", AL11=""), 0, IF(OR($E11="", $G11=""), "", (IF(SIGN($E11-$G11)=SIGN(AK11-AL11), 2, 0) + IF($E11=AK11, 1, 0) + IF($G11=AL11, 1, 0) + IF(AND($E11=AK11, $G11=AL11), 1, 0)))) -> 0 | AN11: =IF(OR(AK11="", AL11="", $E11="", $G11=""), 0, IF(AND($E11=AK11, $G11=AL11), 1, 0)) -> 0 | AQ11: =IF(OR(AO11="", AP11=""), 0, IF(OR($E11="", $G11=""), "", (IF(SIGN($E11-$G11)=SIGN(AO11-AP11), 2, 0) + IF($E11=AO11, 1, 0) + IF($G11=AP11, 1, 0) + IF(AND($E11=AO11, $G11=AP11), 1, 0)))) -> 0 | AR11: =IF(OR(AO11="", AP11="", $E11="", $G11=""), 0, IF(AND($E11=AO11, $G11=AP11), 1, 0)) -> 0 | AU11: =IF(OR(AS11="", AT11=""), 0, IF(OR($E11="", $G11=""), "", (IF(SIGN($E11-$G11)=SIGN(AS11-AT11), 2, 0) + IF($E11=AS11, 1, 0) + IF($G11=AT11, 1, 0) + IF(AND($E11=AS11, $G11=AT11), 1, 0)))) -> 0 | AV11: =IF(OR(AS11="", AT11="", $E11="", $G11=""), 0, IF(AND($E11=AS11, $G11=AT11), 1, 0)) -> 0 | AY11: =IF(OR(AW11="", AX11=""), 0, IF(OR($E11="", $G11=""), "", (IF(SIGN($E11-$G11)=SIGN(AW11-AX11), 2, 0) + IF($E11=AW11, 1, 0) + IF($G11=AX11, 1, 0) + IF(AND($E11=AW11, $G11=AX11), 1, 0)))) -> 0 | AZ11: =IF(OR(AW11="", AX11="", $E11="", $G11=""), 0, IF(AND($E11=AW11, $G11=AX11), 1, 0)) -> 0 | BC11: =IF(OR(BA11="", BB11=""), 0, IF(OR($E11="", $G11=""), "", (IF(SIGN($E11-$G11)=SIGN(BA11-BB11), 2, 0) + IF($E11=BA11, 1, 0) + IF($G11=BB11, 1, 0) + IF(AND($E11=BA11, $G11=BB11), 1, 0)))) -> 0 | BD11: =IF(OR(BA11="", BB11="", $E11="", $G11=""), 0, IF(AND($E11=BA11, $G11=BB11), 1, 0)) -> 0 | BG11: =IF(OR(BE11="", BF11=""), 0, IF(OR($E11="", $G11=""), "", (IF(SIGN($E11-$G11)=SIGN(BE11-BF11), 2, 0) + IF($E11=BE11, 1, 0) + IF($G11=BF11, 1, 0) + IF(AND($E11=BE11, $G11=BF11), 1, 0)))) -> 0 | BH11: =IF(OR(BE11="", BF11="", $E11="", $G11=""), 0, IF(AND($E11=BE11, $G11=BF11), 1, 0)) -> 0 | BK11: =IF(OR(BI11="", BJ11=""), 0, IF(OR($E11="", $G11=""), "", (IF(SIGN($E11-$G11)=SIGN(BI11-BJ11), 2, 0) + IF($E11=BI11, 1, 0) + IF($G11=BJ11, 1, 0) + IF(AND($E11=BI11, $G11=BJ11), 1, 0)))) -> 0 | BL11: =IF(OR(BI11="", BJ11="", $E11="", $G11=""), 0, IF(AND($E11=BI11, $G11=BJ11), 1, 0)) -> 0
A12: =CALENDARIO!A12 -> 11 | B12: =CALENDARIO!B12 -> 46187 | C12: =CALENDARIO!C12 -> 0.70833333 | D12: =CALENDARIO!D12 -> Holanda | E12: =CALENDARIO!E12 -> 0 | F12: =CALENDARIO!F12 -> x | G12: =CALENDARIO!G12 -> 0 | H12: =CALENDARIO!H12 -> Japão | K12: =IF(OR(I12="", J12=""), 0, IF(OR($E12="", $G12=""), "", (IF(SIGN($E12-$G12)=SIGN(I12-J12), 2, 0) + IF($E12=I12, 1, 0) + IF($G12=J12, 1, 0) + IF(AND($E12=I12, $G12=J12), 1, 0)))) -> 0 | L12: =IF(OR(I12="", J12="", $E12="", $G12=""), 0, IF(AND($E12=I12, $G12=J12), 1, 0)) -> 0 | O12: =IF(OR(M12="", N12=""), 0, IF(OR($E12="", $G12=""), "", (IF(SIGN($E12-$G12)=SIGN(M12-N12), 2, 0) + IF($E12=M12, 1, 0) + IF($G12=N12, 1, 0) + IF(AND($E12=M12, $G12=N12), 1, 0)))) -> 0 | P12: =IF(OR(M12="", N12="", $E12="", $G12=""), 0, IF(AND($E12=M12, $G12=N12), 1, 0)) -> 0 | S12: =IF(OR(Q12="", R12=""), 0, IF(OR($E12="", $G12=""), "", (IF(SIGN($E12-$G12)=SIGN(Q12-R12), 2, 0) + IF($E12=Q12, 1, 0) + IF($G12=R12, 1, 0) + IF(AND($E12=Q12, $G12=R12), 1, 0)))) -> 0 | T12: =IF(OR(Q12="", R12="", $E12="", $G12=""), 0, IF(AND($E12=Q12, $G12=R12), 1, 0)) -> 0 | W12: =IF(OR(U12="", V12=""), 0, IF(OR($E12="", $G12=""), "", (IF(SIGN($E12-$G12)=SIGN(U12-V12), 2, 0) + IF($E12=U12, 1, 0) + IF($G12=V12, 1, 0) + IF(AND($E12=U12, $G12=V12), 1, 0)))) -> 0 | X12: =IF(OR(U12="", V12="", $E12="", $G12=""), 0, IF(AND($E12=U12, $G12=V12), 1, 0)) -> 0 | AA12: =IF(OR(Y12="", Z12=""), 0, IF(OR($E12="", $G12=""), "", (IF(SIGN($E12-$G12)=SIGN(Y12-Z12), 2, 0) + IF($E12=Y12, 1, 0) + IF($G12=Z12, 1, 0) + IF(AND($E12=Y12, $G12=Z12), 1, 0)))) -> 0 | AB12: =IF(OR(Y12="", Z12="", $E12="", $G12=""), 0, IF(AND($E12=Y12, $G12=Z12), 1, 0)) -> 0 | AE12: =IF(OR(AC12="", AD12=""), 0, IF(OR($E12="", $G12=""), "", (IF(SIGN($E12-$G12)=SIGN(AC12-AD12), 2, 0) + IF($E12=AC12, 1, 0) + IF($G12=AD12, 1, 0) + IF(AND($E12=AC12, $G12=AD12), 1, 0)))) -> 0 | AF12: =IF(OR(AC12="", AD12="", $E12="", $G12=""), 0, IF(AND($E12=AC12, $G12=AD12), 1, 0)) -> 0 | AI12: =IF(OR(AG12="", AH12=""), 0, IF(OR($E12="", $G12=""), "", (IF(SIGN($E12-$G12)=SIGN(AG12-AH12), 2, 0) + IF($E12=AG12, 1, 0) + IF($G12=AH12, 1, 0) + IF(AND($E12=AG12, $G12=AH12), 1, 0)))) -> 0 | AJ12: =IF(OR(AG12="", AH12="", $E12="", $G12=""), 0, IF(AND($E12=AG12, $G12=AH12), 1, 0)) -> 0 | AM12: =IF(OR(AK12="", AL12=""), 0, IF(OR($E12="", $G12=""), "", (IF(SIGN($E12-$G12)=SIGN(AK12-AL12), 2, 0) + IF($E12=AK12, 1, 0) + IF($G12=AL12, 1, 0) + IF(AND($E12=AK12, $G12=AL12), 1, 0)))) -> 0 | AN12: =IF(OR(AK12="", AL12="", $E12="", $G12=""), 0, IF(AND($E12=AK12, $G12=AL12), 1, 0)) -> 0 | AQ12: =IF(OR(AO12="", AP12=""), 0, IF(OR($E12="", $G12=""), "", (IF(SIGN($E12-$G12)=SIGN(AO12-AP12), 2, 0) + IF($E12=AO12, 1, 0) + IF($G12=AP12, 1, 0) + IF(AND($E12=AO12, $G12=AP12), 1, 0)))) -> 0 | AR12: =IF(OR(AO12="", AP12="", $E12="", $G12=""), 0, IF(AND($E12=AO12, $G12=AP12), 1, 0)) -> 0 | AU12: =IF(OR(AS12="", AT12=""), 0, IF(OR($E12="", $G12=""), "", (IF(SIGN($E12-$G12)=SIGN(AS12-AT12), 2, 0) + IF($E12=AS12, 1, 0) + IF($G12=AT12, 1, 0) + IF(AND($E12=AS12, $G12=AT12), 1, 0)))) -> 0 | AV12: =IF(OR(AS12="", AT12="", $E12="", $G12=""), 0, IF(AND($E12=AS12, $G12=AT12), 1, 0)) -> 0 | AY12: =IF(OR(AW12="", AX12=""), 0, IF(OR($E12="", $G12=""), "", (IF(SIGN($E12-$G12)=SIGN(AW12-AX12), 2, 0) + IF($E12=AW12, 1, 0) + IF($G12=AX12, 1, 0) + IF(AND($E12=AW12, $G12=AX12), 1, 0)))) -> 0 | AZ12: =IF(OR(AW12="", AX12="", $E12="", $G12=""), 0, IF(AND($E12=AW12, $G12=AX12), 1, 0)) -> 0 | BC12: =IF(OR(BA12="", BB12=""), 0, IF(OR($E12="", $G12=""), "", (IF(SIGN($E12-$G12)=SIGN(BA12-BB12), 2, 0) + IF($E12=BA12, 1, 0) + IF($G12=BB12, 1, 0) + IF(AND($E12=BA12, $G12=BB12), 1, 0)))) -> 0 | BD12: =IF(OR(BA12="", BB12="", $E12="", $G12=""), 0, IF(AND($E12=BA12, $G12=BB12), 1, 0)) -> 0 | BG12: =IF(OR(BE12="", BF12=""), 0, IF(OR($E12="", $G12=""), "", (IF(SIGN($E12-$G12)=SIGN(BE12-BF12), 2, 0) + IF($E12=BE12, 1, 0) + IF($G12=BF12, 1, 0) + IF(AND($E12=BE12, $G12=BF12), 1, 0)))) -> 0 | BH12: =IF(OR(BE12="", BF12="", $E12="", $G12=""), 0, IF(AND($E12=BE12, $G12=BF12), 1, 0)) -> 0 | BK12: =IF(OR(BI12="", BJ12=""), 0, IF(OR($E12="", $G12=""), "", (IF(SIGN($E12-$G12)=SIGN(BI12-BJ12), 2, 0) + IF($E12=BI12, 1, 0) + IF($G12=BJ12, 1, 0) + IF(AND($E12=BI12, $G12=BJ12), 1, 0)))) -> 0 | BL12: =IF(OR(BI12="", BJ12="", $E12="", $G12=""), 0, IF(AND($E12=BI12, $G12=BJ12), 1, 0)) -> 0
A13: =CALENDARIO!A13 -> 12 | B13: =CALENDARIO!B13 -> 46187 | C13: =CALENDARIO!C13 -> 0.95833333 | D13: =CALENDARIO!D13 -> Suécia | E13: =CALENDARIO!E13 -> 0 | F13: =CALENDARIO!F13 -> x | G13: =CALENDARIO!G13 -> 0 | H13: =CALENDARIO!H13 -> Tunísia | K13: =IF(OR(I13="", J13=""), 0, IF(OR($E13="", $G13=""), "", (IF(SIGN($E13-$G13)=SIGN(I13-J13), 2, 0) + IF($E13=I13, 1, 0) + IF($G13=J13, 1, 0) + IF(AND($E13=I13, $G13=J13), 1, 0)))) -> 0 | L13: =IF(OR(I13="", J13="", $E13="", $G13=""), 0, IF(AND($E13=I13, $G13=J13), 1, 0)) -> 0 | O13: =IF(OR(M13="", N13=""), 0, IF(OR($E13="", $G13=""), "", (IF(SIGN($E13-$G13)=SIGN(M13-N13), 2, 0) + IF($E13=M13, 1, 0) + IF($G13=N13, 1, 0) + IF(AND($E13=M13, $G13=N13), 1, 0)))) -> 0 | P13: =IF(OR(M13="", N13="", $E13="", $G13=""), 0, IF(AND($E13=M13, $G13=N13), 1, 0)) -> 0 | S13: =IF(OR(Q13="", R13=""), 0, IF(OR($E13="", $G13=""), "", (IF(SIGN($E13-$G13)=SIGN(Q13-R13), 2, 0) + IF($E13=Q13, 1, 0) + IF($G13=R13, 1, 0) + IF(AND($E13=Q13, $G13=R13), 1, 0)))) -> 0 | T13: =IF(OR(Q13="", R13="", $E13="", $G13=""), 0, IF(AND($E13=Q13, $G13=R13), 1, 0)) -> 0 | W13: =IF(OR(U13="", V13=""), 0, IF(OR($E13="", $G13=""), "", (IF(SIGN($E13-$G13)=SIGN(U13-V13), 2, 0) + IF($E13=U13, 1, 0) + IF($G13=V13, 1, 0) + IF(AND($E13=U13, $G13=V13), 1, 0)))) -> 0 | X13: =IF(OR(U13="", V13="", $E13="", $G13=""), 0, IF(AND($E13=U13, $G13=V13), 1, 0)) -> 0 | AA13: =IF(OR(Y13="", Z13=""), 0, IF(OR($E13="", $G13=""), "", (IF(SIGN($E13-$G13)=SIGN(Y13-Z13), 2, 0) + IF($E13=Y13, 1, 0) + IF($G13=Z13, 1, 0) + IF(AND($E13=Y13, $G13=Z13), 1, 0)))) -> 0 | AB13: =IF(OR(Y13="", Z13="", $E13="", $G13=""), 0, IF(AND($E13=Y13, $G13=Z13), 1, 0)) -> 0 | AE13: =IF(OR(AC13="", AD13=""), 0, IF(OR($E13="", $G13=""), "", (IF(SIGN($E13-$G13)=SIGN(AC13-AD13), 2, 0) + IF($E13=AC13, 1, 0) + IF($G13=AD13, 1, 0) + IF(AND($E13=AC13, $G13=AD13), 1, 0)))) -> 0 | AF13: =IF(OR(AC13="", AD13="", $E13="", $G13=""), 0, IF(AND($E13=AC13, $G13=AD13), 1, 0)) -> 0 | AI13: =IF(OR(AG13="", AH13=""), 0, IF(OR($E13="", $G13=""), "", (IF(SIGN($E13-$G13)=SIGN(AG13-AH13), 2, 0) + IF($E13=AG13, 1, 0) + IF($G13=AH13, 1, 0) + IF(AND($E13=AG13, $G13=AH13), 1, 0)))) -> 0 | AJ13: =IF(OR(AG13="", AH13="", $E13="", $G13=""), 0, IF(AND($E13=AG13, $G13=AH13), 1, 0)) -> 0 | AM13: =IF(OR(AK13="", AL13=""), 0, IF(OR($E13="", $G13=""), "", (IF(SIGN($E13-$G13)=SIGN(AK13-AL13), 2, 0) + IF($E13=AK13, 1, 0) + IF($G13=AL13, 1, 0) + IF(AND($E13=AK13, $G13=AL13), 1, 0)))) -> 0 | AN13: =IF(OR(AK13="", AL13="", $E13="", $G13=""), 0, IF(AND($E13=AK13, $G13=AL13), 1, 0)) -> 0 | AQ13: =IF(OR(AO13="", AP13=""), 0, IF(OR($E13="", $G13=""), "", (IF(SIGN($E13-$G13)=SIGN(AO13-AP13), 2, 0) + IF($E13=AO13, 1, 0) + IF($G13=AP13, 1, 0) + IF(AND($E13=AO13, $G13=AP13), 1, 0)))) -> 0 | AR13: =IF(OR(AO13="", AP13="", $E13="", $G13=""), 0, IF(AND($E13=AO13, $G13=AP13), 1, 0)) -> 0 | AU13: =IF(OR(AS13="", AT13=""), 0, IF(OR($E13="", $G13=""), "", (IF(SIGN($E13-$G13)=SIGN(AS13-AT13), 2, 0) + IF($E13=AS13, 1, 0) + IF($G13=AT13, 1, 0) + IF(AND($E13=AS13, $G13=AT13), 1, 0)))) -> 0 | AV13: =IF(OR(AS13="", AT13="", $E13="", $G13=""), 0, IF(AND($E13=AS13, $G13=AT13), 1, 0)) -> 0 | AY13: =IF(OR(AW13="", AX13=""), 0, IF(OR($E13="", $G13=""), "", (IF(SIGN($E13-$G13)=SIGN(AW13-AX13), 2, 0) + IF($E13=AW13, 1, 0) + IF($G13=AX13, 1, 0) + IF(AND($E13=AW13, $G13=AX13), 1, 0)))) -> 0 | AZ13: =IF(OR(AW13="", AX13="", $E13="", $G13=""), 0, IF(AND($E13=AW13, $G13=AX13), 1, 0)) -> 0 | BC13: =IF(OR(BA13="", BB13=""), 0, IF(OR($E13="", $G13=""), "", (IF(SIGN($E13-$G13)=SIGN(BA13-BB13), 2, 0) + IF($E13=BA13, 1, 0) + IF($G13=BB13, 1, 0) + IF(AND($E13=BA13, $G13=BB13), 1, 0)))) -> 0 | BD13: =IF(OR(BA13="", BB13="", $E13="", $G13=""), 0, IF(AND($E13=BA13, $G13=BB13), 1, 0)) -> 0 | BG13: =IF(OR(BE13="", BF13=""), 0, IF(OR($E13="", $G13=""), "", (IF(SIGN($E13-$G13)=SIGN(BE13-BF13), 2, 0) + IF($E13=BE13, 1, 0) + IF($G13=BF13, 1, 0) + IF(AND($E13=BE13, $G13=BF13), 1, 0)))) -> 0 | BH13: =IF(OR(BE13="", BF13="", $E13="", $G13=""), 0, IF(AND($E13=BE13, $G13=BF13), 1, 0)) -> 0 | BK13: =IF(OR(BI13="", BJ13=""), 0, IF(OR($E13="", $G13=""), "", (IF(SIGN($E13-$G13)=SIGN(BI13-BJ13), 2, 0) + IF($E13=BI13, 1, 0) + IF($G13=BJ13, 1, 0) + IF(AND($E13=BI13, $G13=BJ13), 1, 0)))) -> 0 | BL13: =IF(OR(BI13="", BJ13="", $E13="", $G13=""), 0, IF(AND($E13=BI13, $G13=BJ13), 1, 0)) -> 0
A14: =CALENDARIO!A14 -> 13 | B14: =CALENDARIO!B14 -> 46188 | C14: =CALENDARIO!C14 -> 0.54166667 | D14: =CALENDARIO!D14 -> Espanha | E14: =CALENDARIO!E14 -> 0 | F14: =CALENDARIO!F14 -> x | G14: =CALENDARIO!G14 -> 0 | H14: =CALENDARIO!H14 -> Cabo Verde | K14: =IF(OR(I14="", J14=""), 0, IF(OR($E14="", $G14=""), "", (IF(SIGN($E14-$G14)=SIGN(I14-J14), 2, 0) + IF($E14=I14, 1, 0) + IF($G14=J14, 1, 0) + IF(AND($E14=I14, $G14=J14), 1, 0)))) -> 0 | L14: =IF(OR(I14="", J14="", $E14="", $G14=""), 0, IF(AND($E14=I14, $G14=J14), 1, 0)) -> 0 | O14: =IF(OR(M14="", N14=""), 0, IF(OR($E14="", $G14=""), "", (IF(SIGN($E14-$G14)=SIGN(M14-N14), 2, 0) + IF($E14=M14, 1, 0) + IF($G14=N14, 1, 0) + IF(AND($E14=M14, $G14=N14), 1, 0)))) -> 0 | P14: =IF(OR(M14="", N14="", $E14="", $G14=""), 0, IF(AND($E14=M14, $G14=N14), 1, 0)) -> 0 | S14: =IF(OR(Q14="", R14=""), 0, IF(OR($E14="", $G14=""), "", (IF(SIGN($E14-$G14)=SIGN(Q14-R14), 2, 0) + IF($E14=Q14, 1, 0) + IF($G14=R14, 1, 0) + IF(AND($E14=Q14, $G14=R14), 1, 0)))) -> 0 | T14: =IF(OR(Q14="", R14="", $E14="", $G14=""), 0, IF(AND($E14=Q14, $G14=R14), 1, 0)) -> 0 | W14: =IF(OR(U14="", V14=""), 0, IF(OR($E14="", $G14=""), "", (IF(SIGN($E14-$G14)=SIGN(U14-V14), 2, 0) + IF($E14=U14, 1, 0) + IF($G14=V14, 1, 0) + IF(AND($E14=U14, $G14=V14), 1, 0)))) -> 0 | X14: =IF(OR(U14="", V14="", $E14="", $G14=""), 0, IF(AND($E14=U14, $G14=V14), 1, 0)) -> 0 | AA14: =IF(OR(Y14="", Z14=""), 0, IF(OR($E14="", $G14=""), "", (IF(SIGN($E14-$G14)=SIGN(Y14-Z14), 2, 0) + IF($E14=Y14, 1, 0) + IF($G14=Z14, 1, 0) + IF(AND($E14=Y14, $G14=Z14), 1, 0)))) -> 0 | AB14: =IF(OR(Y14="", Z14="", $E14="", $G14=""), 0, IF(AND($E14=Y14, $G14=Z14), 1, 0)) -> 0 | AE14: =IF(OR(AC14="", AD14=""), 0, IF(OR($E14="", $G14=""), "", (IF(SIGN($E14-$G14)=SIGN(AC14-AD14), 2, 0) + IF($E14=AC14, 1, 0) + IF($G14=AD14, 1, 0) + IF(AND($E14=AC14, $G14=AD14), 1, 0)))) -> 0 | AF14: =IF(OR(AC14="", AD14="", $E14="", $G14=""), 0, IF(AND($E14=AC14, $G14=AD14), 1, 0)) -> 0 | AI14: =IF(OR(AG14="", AH14=""), 0, IF(OR($E14="", $G14=""), "", (IF(SIGN($E14-$G14)=SIGN(AG14-AH14), 2, 0) + IF($E14=AG14, 1, 0) + IF($G14=AH14, 1, 0) + IF(AND($E14=AG14, $G14=AH14), 1, 0)))) -> 0 | AJ14: =IF(OR(AG14="", AH14="", $E14="", $G14=""), 0, IF(AND($E14=AG14, $G14=AH14), 1, 0)) -> 0 | AM14: =IF(OR(AK14="", AL14=""), 0, IF(OR($E14="", $G14=""), "", (IF(SIGN($E14-$G14)=SIGN(AK14-AL14), 2, 0) + IF($E14=AK14, 1, 0) + IF($G14=AL14, 1, 0) + IF(AND($E14=AK14, $G14=AL14), 1, 0)))) -> 0 | AN14: =IF(OR(AK14="", AL14="", $E14="", $G14=""), 0, IF(AND($E14=AK14, $G14=AL14), 1, 0)) -> 0 | AQ14: =IF(OR(AO14="", AP14=""), 0, IF(OR($E14="", $G14=""), "", (IF(SIGN($E14-$G14)=SIGN(AO14-AP14), 2, 0) + IF($E14=AO14, 1, 0) + IF($G14=AP14, 1, 0) + IF(AND($E14=AO14, $G14=AP14), 1, 0)))) -> 0 | AR14: =IF(OR(AO14="", AP14="", $E14="", $G14=""), 0, IF(AND($E14=AO14, $G14=AP14), 1, 0)) -> 0 | AU14: =IF(OR(AS14="", AT14=""), 0, IF(OR($E14="", $G14=""), "", (IF(SIGN($E14-$G14)=SIGN(AS14-AT14), 2, 0) + IF($E14=AS14, 1, 0) + IF($G14=AT14, 1, 0) + IF(AND($E14=AS14, $G14=AT14), 1, 0)))) -> 0 | AV14: =IF(OR(AS14="", AT14="", $E14="", $G14=""), 0, IF(AND($E14=AS14, $G14=AT14), 1, 0)) -> 0 | AY14: =IF(OR(AW14="", AX14=""), 0, IF(OR($E14="", $G14=""), "", (IF(SIGN($E14-$G14)=SIGN(AW14-AX14), 2, 0) + IF($E14=AW14, 1, 0) + IF($G14=AX14, 1, 0) + IF(AND($E14=AW14, $G14=AX14), 1, 0)))) -> 0 | AZ14: =IF(OR(AW14="", AX14="", $E14="", $G14=""), 0, IF(AND($E14=AW14, $G14=AX14), 1, 0)) -> 0 | BC14: =IF(OR(BA14="", BB14=""), 0, IF(OR($E14="", $G14=""), "", (IF(SIGN($E14-$G14)=SIGN(BA14-BB14), 2, 0) + IF($E14=BA14, 1, 0) + IF($G14=BB14, 1, 0) + IF(AND($E14=BA14, $G14=BB14), 1, 0)))) -> 0 | BD14: =IF(OR(BA14="", BB14="", $E14="", $G14=""), 0, IF(AND($E14=BA14, $G14=BB14), 1, 0)) -> 0 | BG14: =IF(OR(BE14="", BF14=""), 0, IF(OR($E14="", $G14=""), "", (IF(SIGN($E14-$G14)=SIGN(BE14-BF14), 2, 0) + IF($E14=BE14, 1, 0) + IF($G14=BF14, 1, 0) + IF(AND($E14=BE14, $G14=BF14), 1, 0)))) -> 0 | BH14: =IF(OR(BE14="", BF14="", $E14="", $G14=""), 0, IF(AND($E14=BE14, $G14=BF14), 1, 0)) -> 0 | BK14: =IF(OR(BI14="", BJ14=""), 0, IF(OR($E14="", $G14=""), "", (IF(SIGN($E14-$G14)=SIGN(BI14-BJ14), 2, 0) + IF($E14=BI14, 1, 0) + IF($G14=BJ14, 1, 0) + IF(AND($E14=BI14, $G14=BJ14), 1, 0)))) -> 0 | BL14: =IF(OR(BI14="", BJ14="", $E14="", $G14=""), 0, IF(AND($E14=BI14, $G14=BJ14), 1, 0)) -> 0
... A105: =CALENDARIO!A105 -> 104 | B105: =CALENDARIO!B105 -> 46222 | C105: =CALENDARIO!C105 -> 0.66666667 | D105: =CALENDARIO!D105 -> Vencedor jogo 101 | E105: =CALENDARIO!E105 -> 0 | F105: =CALENDARIO!F105 -> x | G105: =CALENDARIO!G105 -> 0 | H105: =CALENDARIO!H105 -> Vencedor jogo 102 | K105: =IF(OR(I105="", J105=""), 0, IF(OR($E105="", $G105=""), "", (IF(SIGN($E105-$G105)=SIGN(I105-J105), 2, 0) + IF($E105=I105, 1, 0) + IF($G105=J105, 1, 0) + IF(AND($E105=I105, $G105=J105), 1, 0)))) -> 0 | L105: =IF(OR(I105="", J105="", $E105="", $G105=""), 0, IF(AND($E105=I105, $G105=J105), 1, 0)) -> 0 | O105: =IF(OR(M105="", N105=""), 0, IF(OR($E105="", $G105=""), "", (IF(SIGN($E105-$G105)=SIGN(M105-N105), 2, 0) + IF($E105=M105, 1, 0) + IF($G105=N105, 1, 0) + IF(AND($E105=M105, $G105=N105), 1, 0)))) -> 0 | P105: =IF(OR(M105="", N105="", $E105="", $G105=""), 0, IF(AND($E105=M105, $G105=N105), 1, 0)) -> 0 | S105: =IF(OR(Q105="", R105=""), 0, IF(OR($E105="", $G105=""), "", (IF(SIGN($E105-$G105)=SIGN(Q105-R105), 2, 0) + IF($E105=Q105, 1, 0) + IF($G105=R105, 1, 0) + IF(AND($E105=Q105, $G105=R105), 1, 0)))) -> 0 | T105: =IF(OR(Q105="", R105="", $E105="", $G105=""), 0, IF(AND($E105=Q105, $G105=R105), 1, 0)) -> 0 | W105: =IF(OR(U105="", V105=""), 0, IF(OR($E105="", $G105=""), "", (IF(SIGN($E105-$G105)=SIGN(U105-V105), 2, 0) + IF($E105=U105, 1, 0) + IF($G105=V105, 1, 0) + IF(AND($E105=U105, $G105=V105), 1, 0)))) -> 0 | X105: =IF(OR(U105="", V105="", $E105="", $G105=""), 0, IF(AND($E105=U105, $G105=V105), 1, 0)) -> 0 | AA105: =IF(OR(Y105="", Z105=""), 0, IF(OR($E105="", $G105=""), "", (IF(SIGN($E105-$G105)=SIGN(Y105-Z105), 2, 0) + IF($E105=Y105, 1, 0) + IF($G105=Z105, 1, 0) + IF(AND($E105=Y105, $G105=Z105), 1, 0)))) -> 0 | AB105: =IF(OR(Y105="", Z105="", $E105="", $G105=""), 0, IF(AND($E105=Y105, $G105=Z105), 1, 0)) -> 0 | AE105: =IF(OR(AC105="", AD105=""), 0, IF(OR($E105="", $G105=""), "", (IF(SIGN($E105-$G105)=SIGN(AC105-AD105), 2, 0) + IF($E105=AC105, 1, 0) + IF($G105=AD105, 1, 0) + IF(AND($E105=AC105, $G105=AD105), 1, 0)))) -> 0 | AF105: =IF(OR(AC105="", AD105="", $E105="", $G105=""), 0, IF(AND($E105=AC105, $G105=AD105), 1, 0)) -> 0 | AI105: =IF(OR(AG105="", AH105=""), 0, IF(OR($E105="", $G105=""), "", (IF(SIGN($E105-$G105)=SIGN(AG105-AH105), 2, 0) + IF($E105=AG105, 1, 0) + IF($G105=AH105, 1, 0) + IF(AND($E105=AG105, $G105=AH105), 1, 0)))) -> 0 | AJ105: =IF(OR(AG105="", AH105="", $E105="", $G105=""), 0, IF(AND($E105=AG105, $G105=AH105), 1, 0)) -> 0 | AM105: =IF(OR(AK105="", AL105=""), 0, IF(OR($E105="", $G105=""), "", (IF(SIGN($E105-$G105)=SIGN(AK105-AL105), 2, 0) + IF($E105=AK105, 1, 0) + IF($G105=AL105, 1, 0) + IF(AND($E105=AK105, $G105=AL105), 1, 0)))) -> 0 | AN105: =IF(OR(AK105="", AL105="", $E105="", $G105=""), 0, IF(AND($E105=AK105, $G105=AL105), 1, 0)) -> 0 | AQ105: =IF(OR(AO105="", AP105=""), 0, IF(OR($E105="", $G105=""), "", (IF(SIGN($E105-$G105)=SIGN(AO105-AP105), 2, 0) + IF($E105=AO105, 1, 0) + IF($G105=AP105, 1, 0) + IF(AND($E105=AO105, $G105=AP105), 1, 0)))) -> 0 | AR105: =IF(OR(AO105="", AP105="", $E105="", $G105=""), 0, IF(AND($E105=AO105, $G105=AP105), 1, 0)) -> 0 | AU105: =IF(OR(AS105="", AT105=""), 0, IF(OR($E105="", $G105=""), "", (IF(SIGN($E105-$G105)=SIGN(AS105-AT105), 2, 0) + IF($E105=AS105, 1, 0) + IF($G105=AT105, 1, 0) + IF(AND($E105=AS105, $G105=AT105), 1, 0)))) -> 0 | AV105: =IF(OR(AS105="", AT105="", $E105="", $G105=""), 0, IF(AND($E105=AS105, $G105=AT105), 1, 0)) -> 0 | AY105: =IF(OR(AW105="", AX105=""), 0, IF(OR($E105="", $G105=""), "", (IF(SIGN($E105-$G105)=SIGN(AW105-AX105), 2, 0) + IF($E105=AW105, 1, 0) + IF($G105=AX105, 1, 0) + IF(AND($E105=AW105, $G105=AX105), 1, 0)))) -> 0 | AZ105: =IF(OR(AW105="", AX105="", $E105="", $G105=""), 0, IF(AND($E105=AW105, $G105=AX105), 1, 0)) -> 0 | BC105: =IF(OR(BA105="", BB105=""), 0, IF(OR($E105="", $G105=""), "", (IF(SIGN($E105-$G105)=SIGN(BA105-BB105), 2, 0) + IF($E105=BA105, 1, 0) + IF($G105=BB105, 1, 0) + IF(AND($E105=BA105, $G105=BB105), 1, 0)))) -> 0 | BD105: =IF(OR(BA105="", BB105="", $E105="", $G105=""), 0, IF(AND($E105=BA105, $G105=BB105), 1, 0)) -> 0 | BG105: =IF(OR(BE105="", BF105=""), 0, IF(OR($E105="", $G105=""), "", (IF(SIGN($E105-$G105)=SIGN(BE105-BF105), 2, 0) + IF($E105=BE105, 1, 0) + IF($G105=BF105, 1, 0) + IF(AND($E105=BE105, $G105=BF105), 1, 0)))) -> 0 | BH105: =IF(OR(BE105="", BF105="", $E105="", $G105=""), 0, IF(AND($E105=BE105, $G105=BF105), 1, 0)) -> 0 | BK105: =IF(OR(BI105="", BJ105=""), 0, IF(OR($E105="", $G105=""), "", (IF(SIGN($E105-$G105)=SIGN(BI105-BJ105), 2, 0) + IF($E105=BI105, 1, 0) + IF($G105=BJ105, 1, 0) + IF(AND($E105=BI105, $G105=BJ105), 1, 0)))) -> 0 | BL105: =IF(OR(BI105="", BJ105="", $E105="", $G105=""), 0, IF(AND($E105=BI105, $G105=BJ105), 1, 0)) -> 0
K106: =SUM(K2:K105) -> #VALUE! | L106: =SUM(L2:L105) -> 0 | O106: =SUM(O2:O105) -> 0 | P106: =SUM(P2:P105) -> 0 | S106: =SUM(S2:S105) -> 0 | T106: =SUM(T2:T105) -> 0 | W106: =SUM(W2:W105) -> 0 | X106: =SUM(X2:X105) -> 0 | AA106: =SUM(AA2:AA105) -> 0 | AB106: =SUM(AB2:AB105) -> 0 | AE106: =SUM(AE2:AE105) -> 0 | AF106: =SUM(AF2:AF105) -> 0 | AI106: =SUM(AI2:AI105) -> 0 | AJ106: =SUM(AJ2:AJ105) -> 0 | AM106: =SUM(AM2:AM105) -> 0 | AN106: =SUM(AN2:AN105) -> 0 | AQ106: =SUM(AQ2:AQ105) -> 0 | AR106: =SUM(AR2:AR105) -> 0 | AU106: =SUM(AU2:AU105) -> 0 | AV106: =SUM(AV2:AV105) -> 0 | AY106: =SUM(AY2:AY105) -> 0 | AZ106: =SUM(AZ2:AZ105) -> 0 | BC106: =SUM(BC2:BC105) -> 0 | BD106: =SUM(BD2:BD105) -> 0 | BG106: =SUM(BG2:BG105) -> 0 | BH106: =SUM(BH2:BH105) -> 0 | BK106: =SUM(BK2:BK105) -> 0 | BL106: =SUM(BL2:BL105) -> 0

Sheet RESULTADOS
A1: =CALENDARIO!A1 -> Jogo | B1: =CALENDARIO!B1 -> Data | C1: =CALENDARIO!C1 -> Hora | D1: =CALENDARIO!D1 -> Time 1 | F1: =CALENDARIO!F1 -> x | H1: =CALENDARIO!H1 -> Time 2 | I1: =CONFIG!A2 -> ALICE | K1: =CONFIG!A3 -> ANNE | M1: =CONFIG!A4 -> CARLINHOS | O1: =CONFIG!A5 -> DEDE | Q1: =CONFIG!A6 -> ERIKA | S1: =CONFIG!A7 -> GUTO | U1: =CONFIG!A8 -> HELENA | W1: =CONFIG!A9 -> JULIA | Y1: =CONFIG!A10 -> KANOO | AA1: =CONFIG!A11 -> KATIA | AC1: =CONFIG!A12 -> RAFA | AE1: =CONFIG!A13 -> RAQUEL | AG1: =CONFIG!A14 -> RENATO | AI1: =CONFIG!A15 -> ZE
I2: Palpite | J2: Pontos | K2: Palpite | L2: Pontos | M2: Palpite | N2: Pontos | O2: Palpite | P2: Pontos | Q2: Palpite | R2: Pontos | S2: Palpite | T2: Pontos | U2: Palpite | V2: Pontos | W2: Palpite | X2: Pontos | Y2: Palpite | Z2: Pontos | AA2: Palpite | AB2: Pontos | AC2: Palpite | AD2: Pontos | AE2: Palpite | AF2: Pontos | AG2: Palpite | AH2: Pontos | AI2: Palpite | AJ2: Pontos
A3: =CALENDARIO!A2 -> 1 | B3: =CALENDARIO!B2 -> 46184 | C3: =CALENDARIO!C2 -> 0.66666667 | D3: =CALENDARIO!D2 -> México | E3: =CALENDARIO!E2 -> 0 | F3: =CALENDARIO!F2 -> x | G3: =CALENDARIO!G2 -> 0 | H3: =CALENDARIO!H2 -> África do Sul | I3: =IF(NOW() < CALENDARIO!$K2, "🔒", PALPITES!I2 & " x " & PALPITES!J2) -> 🔒 | J3: =PALPITES!K2 -> #VALUE! | K3: =IF(NOW() < CALENDARIO!$K2, "🔒", PALPITES!M2 & " x " & PALPITES!N2) -> 🔒 | L3: =PALPITES!O2 -> 0 | M3: =IF(NOW() < CALENDARIO!$K2, "🔒", PALPITES!Q2 & " x " & PALPITES!R2) -> 🔒 | N3: =PALPITES!S2 -> 0 | O3: =IF(NOW() < CALENDARIO!$K2, "🔒", PALPITES!U2 & " x " & PALPITES!V2) -> 🔒 | P3: =PALPITES!W2 -> 0 | Q3: =IF(NOW() < CALENDARIO!$K2, "🔒", PALPITES!Y2 & " x " & PALPITES!Z2) -> 🔒 | R3: =PALPITES!AA2 -> 0 | S3: =IF(NOW() < CALENDARIO!$K2, "🔒", PALPITES!AC2 & " x " & PALPITES!AD2) -> 🔒 | T3: =PALPITES!AE2 -> 0 | U3: =IF(NOW() < CALENDARIO!$K2, "🔒", PALPITES!AG2 & " x " & PALPITES!AH2) -> 🔒 | V3: =PALPITES!AI2 -> 0 | W3: =IF(NOW() < CALENDARIO!$K2, "🔒", PALPITES!AK2 & " x " & PALPITES!AL2) -> 🔒 | X3: =PALPITES!AM2 -> 0 | Y3: =IF(NOW() < CALENDARIO!$K2, "🔒", PALPITES!AO2 & " x " & PALPITES!AP2) -> 🔒 | Z3: =PALPITES!AQ2 -> 0 | AA3: =IF(NOW() < CALENDARIO!$K2, "🔒", PALPITES!AS2 & " x " & PALPITES!AT2) -> 🔒 | AB3: =PALPITES!AU2 -> 0 | AC3: =IF(NOW() < CALENDARIO!$K2, "🔒", PALPITES!AW2 & " x " & PALPITES!AX2) -> 🔒 | AD3: =PALPITES!AY2 -> 0 | AE3: =IF(NOW() < CALENDARIO!$K2, "🔒", PALPITES!BA2 & " x " & PALPITES!BB2) -> 🔒 | AF3: =PALPITES!BC2 -> 0 | AG3: =IF(NOW() < CALENDARIO!$K2, "🔒", PALPITES!BE2 & " x " & PALPITES!BF2) -> 🔒 | AH3: =PALPITES!BG2 -> 0 | AI3: =IF(NOW() < CALENDARIO!$K2, "🔒", PALPITES!BI2 & " x " & PALPITES!BJ2) -> 🔒 | AJ3: =PALPITES!BK2 -> 0
A4: =CALENDARIO!A3 -> 2 | B4: =CALENDARIO!B3 -> 46184 | C4: =CALENDARIO!C3 -> 0.95833333 | D4: =CALENDARIO!D3 -> República da Coreia | E4: =CALENDARIO!E3 -> 0 | F4: =CALENDARIO!F3 -> x | G4: =CALENDARIO!G3 -> 0 | H4: =CALENDARIO!H3 -> República Tcheca | I4: =IF(NOW() < CALENDARIO!$K3, "🔒", PALPITES!I3 & " x " & PALPITES!J3) -> 🔒 | J4: =PALPITES!K3 -> 0 | K4: =IF(NOW() < CALENDARIO!$K3, "🔒", PALPITES!M3 & " x " & PALPITES!N3) -> 🔒 | L4: =PALPITES!O3 -> 0 | M4: =IF(NOW() < CALENDARIO!$K3, "🔒", PALPITES!Q3 & " x " & PALPITES!R3) -> 🔒 | N4: =PALPITES!S3 -> 0 | O4: =IF(NOW() < CALENDARIO!$K3, "🔒", PALPITES!U3 & " x " & PALPITES!V3) -> 🔒 | P4: =PALPITES!W3 -> 0 | Q4: =IF(NOW() < CALENDARIO!$K3, "🔒", PALPITES!Y3 & " x " & PALPITES!Z3) -> 🔒 | R4: =PALPITES!AA3 -> 0 | S4: =IF(NOW() < CALENDARIO!$K3, "🔒", PALPITES!AC3 & " x " & PALPITES!AD3) -> 🔒 | T4: =PALPITES!AE3 -> 0 | U4: =IF(NOW() < CALENDARIO!$K3, "🔒", PALPITES!AG3 & " x " & PALPITES!AH3) -> 🔒 | V4: =PALPITES!AI3 -> 0 | W4: =IF(NOW() < CALENDARIO!$K3, "🔒", PALPITES!AK3 & " x " & PALPITES!AL3) -> 🔒 | X4: =PALPITES!AM3 -> 0 | Y4: =IF(NOW() < CALENDARIO!$K3, "🔒", PALPITES!AO3 & " x " & PALPITES!AP3) -> 🔒 | Z4: =PALPITES!AQ3 -> 0 | AA4: =IF(NOW() < CALENDARIO!$K3, "🔒", PALPITES!AS3 & " x " & PALPITES!AT3) -> 🔒 | AB4: =PALPITES!AU3 -> 0 | AC4: =IF(NOW() < CALENDARIO!$K3, "🔒", PALPITES!AW3 & " x " & PALPITES!AX3) -> 🔒 | AD4: =PALPITES!AY3 -> 0 | AE4: =IF(NOW() < CALENDARIO!$K3, "🔒", PALPITES!BA3 & " x " & PALPITES!BB3) -> 🔒 | AF4: =PALPITES!BC3 -> 0 | AG4: =IF(NOW() < CALENDARIO!$K3, "🔒", PALPITES!BE3 & " x " & PALPITES!BF3) -> 🔒 | AH4: =PALPITES!BG3 -> 0 | AI4: =IF(NOW() < CALENDARIO!$K3, "🔒", PALPITES!BI3 & " x " & PALPITES!BJ3) -> 🔒 | AJ4: =PALPITES!BK3 -> 0
A5: =CALENDARIO!A4 -> 3 | B5: =CALENDARIO!B4 -> 46185 | C5: =CALENDARIO!C4 -> 0.66666667 | D5: =CALENDARIO!D4 -> Canadá | E5: =CALENDARIO!E4 -> 0 | F5: =CALENDARIO!F4 -> x | G5: =CALENDARIO!G4 -> 0 | H5: =CALENDARIO!H4 -> Bósnia e Herzegovina | I5: =IF(NOW() < CALENDARIO!$K4, "🔒", PALPITES!I4 & " x " & PALPITES!J4) -> 🔒 | J5: =PALPITES!K4 -> 0 | K5: =IF(NOW() < CALENDARIO!$K4, "🔒", PALPITES!M4 & " x " & PALPITES!N4) -> 🔒 | L5: =PALPITES!O4 -> 0 | M5: =IF(NOW() < CALENDARIO!$K4, "🔒", PALPITES!Q4 & " x " & PALPITES!R4) -> 🔒 | N5: =PALPITES!S4 -> 0 | O5: =IF(NOW() < CALENDARIO!$K4, "🔒", PALPITES!U4 & " x " & PALPITES!V4) -> 🔒 | P5: =PALPITES!W4 -> 0 | Q5: =IF(NOW() < CALENDARIO!$K4, "🔒", PALPITES!Y4 & " x " & PALPITES!Z4) -> 🔒 | R5: =PALPITES!AA4 -> 0 | S5: =IF(NOW() < CALENDARIO!$K4, "🔒", PALPITES!AC4 & " x " & PALPITES!AD4) -> 🔒 | T5: =PALPITES!AE4 -> 0 | U5: =IF(NOW() < CALENDARIO!$K4, "🔒", PALPITES!AG4 & " x " & PALPITES!AH4) -> 🔒 | V5: =PALPITES!AI4 -> 0 | W5: =IF(NOW() < CALENDARIO!$K4, "🔒", PALPITES!AK4 & " x " & PALPITES!AL4) -> 🔒 | X5: =PALPITES!AM4 -> 0 | Y5: =IF(NOW() < CALENDARIO!$K4, "🔒", PALPITES!AO4 & " x " & PALPITES!AP4) -> 🔒 | Z5: =PALPITES!AQ4 -> 0 | AA5: =IF(NOW() < CALENDARIO!$K4, "🔒", PALPITES!AS4 & " x " & PALPITES!AT4) -> 🔒 | AB5: =PALPITES!AU4 -> 0 | AC5: =IF(NOW() < CALENDARIO!$K4, "🔒", PALPITES!AW4 & " x " & PALPITES!AX4) -> 🔒 | AD5: =PALPITES!AY4 -> 0 | AE5: =IF(NOW() < CALENDARIO!$K4, "🔒", PALPITES!BA4 & " x " & PALPITES!BB4) -> 🔒 | AF5: =PALPITES!BC4 -> 0 | AG5: =IF(NOW() < CALENDARIO!$K4, "🔒", PALPITES!BE4 & " x " & PALPITES!BF4) -> 🔒 | AH5: =PALPITES!BG4 -> 0 | AI5: =IF(NOW() < CALENDARIO!$K4, "🔒", PALPITES!BI4 & " x " & PALPITES!BJ4) -> 🔒 | AJ5: =PALPITES!BK4 -> 0
A6: =CALENDARIO!A5 -> 4 | B6: =CALENDARIO!B5 -> 46185 | C6: =CALENDARIO!C5 -> 0.91666667 | D6: =CALENDARIO!D5 -> Estados Unidos | E6: =CALENDARIO!E5 -> 0 | F6: =CALENDARIO!F5 -> x | G6: =CALENDARIO!G5 -> 0 | H6: =CALENDARIO!H5 -> Paraguai | I6: =IF(NOW() < CALENDARIO!$K5, "🔒", PALPITES!I5 & " x " & PALPITES!J5) -> 🔒 | J6: =PALPITES!K5 -> 0 | K6: =IF(NOW() < CALENDARIO!$K5, "🔒", PALPITES!M5 & " x " & PALPITES!N5) -> 🔒 | L6: =PALPITES!O5 -> 0 | M6: =IF(NOW() < CALENDARIO!$K5, "🔒", PALPITES!Q5 & " x " & PALPITES!R5) -> 🔒 | N6: =PALPITES!S5 -> 0 | O6: =IF(NOW() < CALENDARIO!$K5, "🔒", PALPITES!U5 & " x " & PALPITES!V5) -> 🔒 | P6: =PALPITES!W5 -> 0 | Q6: =IF(NOW() < CALENDARIO!$K5, "🔒", PALPITES!Y5 & " x " & PALPITES!Z5) -> 🔒 | R6: =PALPITES!AA5 -> 0 | S6: =IF(NOW() < CALENDARIO!$K5, "🔒", PALPITES!AC5 & " x " & PALPITES!AD5) -> 🔒 | T6: =PALPITES!AE5 -> 0 | U6: =IF(NOW() < CALENDARIO!$K5, "🔒", PALPITES!AG5 & " x " & PALPITES!AH5) -> 🔒 | V6: =PALPITES!AI5 -> 0 | W6: =IF(NOW() < CALENDARIO!$K5, "🔒", PALPITES!AK5 & " x " & PALPITES!AL5) -> 🔒 | X6: =PALPITES!AM5 -> 0 | Y6: =IF(NOW() < CALENDARIO!$K5, "🔒", PALPITES!AO5 & " x " & PALPITES!AP5) -> 🔒 | Z6: =PALPITES!AQ5 -> 0 | AA6: =IF(NOW() < CALENDARIO!$K5, "🔒", PALPITES!AS5 & " x " & PALPITES!AT5) -> 🔒 | AB6: =PALPITES!AU5 -> 0 | AC6: =IF(NOW() < CALENDARIO!$K5, "🔒", PALPITES!AW5 & " x " & PALPITES!AX5) -> 🔒 | AD6: =PALPITES!AY5 -> 0 | AE6: =IF(NOW() < CALENDARIO!$K5, "🔒", PALPITES!BA5 & " x " & PALPITES!BB5) -> 🔒 | AF6: =PALPITES!BC5 -> 0 | AG6: =IF(NOW() < CALENDARIO!$K5, "🔒", PALPITES!BE5 & " x " & PALPITES!BF5) -> 🔒 | AH6: =PALPITES!BG5 -> 0 | AI6: =IF(NOW() < CALENDARIO!$K5, "🔒", PALPITES!BI5 & " x " & PALPITES!BJ5) -> 🔒 | AJ6: =PALPITES!BK5 -> 0
A7: =CALENDARIO!A6 -> 5 | B7: =CALENDARIO!B6 -> 46186 | C7: =CALENDARIO!C6 -> 0.66666667 | D7: =CALENDARIO!D6 -> Catar | E7: =CALENDARIO!E6 -> 0 | F7: =CALENDARIO!F6 -> x | G7: =CALENDARIO!G6 -> 0 | H7: =CALENDARIO!H6 -> Suíça | I7: =IF(NOW() < CALENDARIO!$K6, "🔒", PALPITES!I6 & " x " & PALPITES!J6) -> 🔒 | J7: =PALPITES!K6 -> 0 | K7: =IF(NOW() < CALENDARIO!$K6, "🔒", PALPITES!M6 & " x " & PALPITES!N6) -> 🔒 | L7: =PALPITES!O6 -> 0 | M7: =IF(NOW() < CALENDARIO!$K6, "🔒", PALPITES!Q6 & " x " & PALPITES!R6) -> 🔒 | N7: =PALPITES!S6 -> 0 | O7: =IF(NOW() < CALENDARIO!$K6, "🔒", PALPITES!U6 & " x " & PALPITES!V6) -> 🔒 | P7: =PALPITES!W6 -> 0 | Q7: =IF(NOW() < CALENDARIO!$K6, "🔒", PALPITES!Y6 & " x " & PALPITES!Z6) -> 🔒 | R7: =PALPITES!AA6 -> 0 | S7: =IF(NOW() < CALENDARIO!$K6, "🔒", PALPITES!AC6 & " x " & PALPITES!AD6) -> 🔒 | T7: =PALPITES!AE6 -> 0 | U7: =IF(NOW() < CALENDARIO!$K6, "🔒", PALPITES!AG6 & " x " & PALPITES!AH6) -> 🔒 | V7: =PALPITES!AI6 -> 0 | W7: =IF(NOW() < CALENDARIO!$K6, "🔒", PALPITES!AK6 & " x " & PALPITES!AL6) -> 🔒 | X7: =PALPITES!AM6 -> 0 | Y7: =IF(NOW() < CALENDARIO!$K6, "🔒", PALPITES!AO6 & " x " & PALPITES!AP6) -> 🔒 | Z7: =PALPITES!AQ6 -> 0 | AA7: =IF(NOW() < CALENDARIO!$K6, "🔒", PALPITES!AS6 & " x " & PALPITES!AT6) -> 🔒 | AB7: =PALPITES!AU6 -> 0 | AC7: =IF(NOW() < CALENDARIO!$K6, "🔒", PALPITES!AW6 & " x " & PALPITES!AX6) -> 🔒 | AD7: =PALPITES!AY6 -> 0 | AE7: =IF(NOW() < CALENDARIO!$K6, "🔒", PALPITES!BA6 & " x " & PALPITES!BB6) -> 🔒 | AF7: =PALPITES!BC6 -> 0 | AG7: =IF(NOW() < CALENDARIO!$K6, "🔒", PALPITES!BE6 & " x " & PALPITES!BF6) -> 🔒 | AH7: =PALPITES!BG6 -> 0 | AI7: =IF(NOW() < CALENDARIO!$K6, "🔒", PALPITES!BI6 & " x " & PALPITES!BJ6) -> 🔒 | AJ7: =PALPITES!BK6 -> 0
A8: =CALENDARIO!A7 -> 6 | B8: =CALENDARIO!B7 -> 46186 | C8: =CALENDARIO!C7 -> 0.79166667 | D8: =CALENDARIO!D7 -> Brasil | E8: =CALENDARIO!E7 -> 0 | F8: =CALENDARIO!F7 -> x | G8: =CALENDARIO!G7 -> 0 | H8: =CALENDARIO!H7 -> Marrocos | I8: =IF(NOW() < CALENDARIO!$K7, "🔒", PALPITES!I7 & " x " & PALPITES!J7) -> 🔒 | J8: =PALPITES!K7 -> 0 | K8: =IF(NOW() < CALENDARIO!$K7, "🔒", PALPITES!M7 & " x " & PALPITES!N7) -> 🔒 | L8: =PALPITES!O7 -> 0 | M8: =IF(NOW() < CALENDARIO!$K7, "🔒", PALPITES!Q7 & " x " & PALPITES!R7) -> 🔒 | N8: =PALPITES!S7 -> 0 | O8: =IF(NOW() < CALENDARIO!$K7, "🔒", PALPITES!U7 & " x " & PALPITES!V7) -> 🔒 | P8: =PALPITES!W7 -> 0 | Q8: =IF(NOW() < CALENDARIO!$K7, "🔒", PALPITES!Y7 & " x " & PALPITES!Z7) -> 🔒 | R8: =PALPITES!AA7 -> 0 | S8: =IF(NOW() < CALENDARIO!$K7, "🔒", PALPITES!AC7 & " x " & PALPITES!AD7) -> 🔒 | T8: =PALPITES!AE7 -> 0 | U8: =IF(NOW() < CALENDARIO!$K7, "🔒", PALPITES!AG7 & " x " & PALPITES!AH7) -> 🔒 | V8: =PALPITES!AI7 -> 0 | W8: =IF(NOW() < CALENDARIO!$K7, "🔒", PALPITES!AK7 & " x " & PALPITES!AL7) -> 🔒 | X8: =PALPITES!AM7 -> 0 | Y8: =IF(NOW() < CALENDARIO!$K7, "🔒", PALPITES!AO7 & " x " & PALPITES!AP7) -> 🔒 | Z8: =PALPITES!AQ7 -> 0 | AA8: =IF(NOW() < CALENDARIO!$K7, "🔒", PALPITES!AS7 & " x " & PALPITES!AT7) -> 🔒 | AB8: =PALPITES!AU7 -> 0 | AC8: =IF(NOW() < CALENDARIO!$K7, "🔒", PALPITES!AW7 & " x " & PALPITES!AX7) -> 🔒 | AD8: =PALPITES!AY7 -> 0 | AE8: =IF(NOW() < CALENDARIO!$K7, "🔒", PALPITES!BA7 & " x " & PALPITES!BB7) -> 🔒 | AF8: =PALPITES!BC7 -> 0 | AG8: =IF(NOW() < CALENDARIO!$K7, "🔒", PALPITES!BE7 & " x " & PALPITES!BF7) -> 🔒 | AH8: =PALPITES!BG7 -> 0 | AI8: =IF(NOW() < CALENDARIO!$K7, "🔒", PALPITES!BI7 & " x " & PALPITES!BJ7) -> 🔒 | AJ8: =PALPITES!BK7 -> 0
A9: =CALENDARIO!A8 -> 7 | B9: =CALENDARIO!B8 -> 46186 | C9: =CALENDARIO!C8 -> 0.91666667 | D9: =CALENDARIO!D8 -> Haiti | E9: =CALENDARIO!E8 -> 0 | F9: =CALENDARIO!F8 -> x | G9: =CALENDARIO!G8 -> 0 | H9: =CALENDARIO!H8 -> Escócia | I9: =IF(NOW() < CALENDARIO!$K8, "🔒", PALPITES!I8 & " x " & PALPITES!J8) -> 🔒 | J9: =PALPITES!K8 -> 0 | K9: =IF(NOW() < CALENDARIO!$K8, "🔒", PALPITES!M8 & " x " & PALPITES!N8) -> 🔒 | L9: =PALPITES!O8 -> 0 | M9: =IF(NOW() < CALENDARIO!$K8, "🔒", PALPITES!Q8 & " x " & PALPITES!R8) -> 🔒 | N9: =PALPITES!S8 -> 0 | O9: =IF(NOW() < CALENDARIO!$K8, "🔒", PALPITES!U8 & " x " & PALPITES!V8) -> 🔒 | P9: =PALPITES!W8 -> 0 | Q9: =IF(NOW() < CALENDARIO!$K8, "🔒", PALPITES!Y8 & " x " & PALPITES!Z8) -> 🔒 | R9: =PALPITES!AA8 -> 0 | S9: =IF(NOW() < CALENDARIO!$K8, "🔒", PALPITES!AC8 & " x " & PALPITES!AD8) -> 🔒 | T9: =PALPITES!AE8 -> 0 | U9: =IF(NOW() < CALENDARIO!$K8, "🔒", PALPITES!AG8 & " x " & PALPITES!AH8) -> 🔒 | V9: =PALPITES!AI8 -> 0 | W9: =IF(NOW() < CALENDARIO!$K8, "🔒", PALPITES!AK8 & " x " & PALPITES!AL8) -> 🔒 | X9: =PALPITES!AM8 -> 0 | Y9: =IF(NOW() < CALENDARIO!$K8, "🔒", PALPITES!AO8 & " x " & PALPITES!AP8) -> 🔒 | Z9: =PALPITES!AQ8 -> 0 | AA9: =IF(NOW() < CALENDARIO!$K8, "🔒", PALPITES!AS8 & " x " & PALPITES!AT8) -> 🔒 | AB9: =PALPITES!AU8 -> 0 | AC9: =IF(NOW() < CALENDARIO!$K8, "🔒", PALPITES!AW8 & " x " & PALPITES!AX8) -> 🔒 | AD9: =PALPITES!AY8 -> 0 | AE9: =IF(NOW() < CALENDARIO!$K8, "🔒", PALPITES!BA8 & " x " & PALPITES!BB8) -> 🔒 | AF9: =PALPITES!BC8 -> 0 | AG9: =IF(NOW() < CALENDARIO!$K8, "🔒", PALPITES!BE8 & " x " & PALPITES!BF8) -> 🔒 | AH9: =PALPITES!BG8 -> 0 | AI9: =IF(NOW() < CALENDARIO!$K8, "🔒", PALPITES!BI8 & " x " & PALPITES!BJ8) -> 🔒 | AJ9: =PALPITES!BK8 -> 0
A10: =CALENDARIO!A9 -> 8 | B10: =CALENDARIO!B9 -> 46187 | C10: =CALENDARIO!C9 -> 0.041666667 | D10: =CALENDARIO!D9 -> Austrália | E10: =CALENDARIO!E9 -> 0 | F10: =CALENDARIO!F9 -> x | G10: =CALENDARIO!G9 -> 0 | H10: =CALENDARIO!H9 -> Turquia | I10: =IF(NOW() < CALENDARIO!$K9, "🔒", PALPITES!I9 & " x " & PALPITES!J9) -> 🔒 | J10: =PALPITES!K9 -> 0 | K10: =IF(NOW() < CALENDARIO!$K9, "🔒", PALPITES!M9 & " x " & PALPITES!N9) -> 🔒 | L10: =PALPITES!O9 -> 0 | M10: =IF(NOW() < CALENDARIO!$K9, "🔒", PALPITES!Q9 & " x " & PALPITES!R9) -> 🔒 | N10: =PALPITES!S9 -> 0 | O10: =IF(NOW() < CALENDARIO!$K9, "🔒", PALPITES!U9 & " x " & PALPITES!V9) -> 🔒 | P10: =PALPITES!W9 -> 0 | Q10: =IF(NOW() < CALENDARIO!$K9, "🔒", PALPITES!Y9 & " x " & PALPITES!Z9) -> 🔒 | R10: =PALPITES!AA9 -> 0 | S10: =IF(NOW() < CALENDARIO!$K9, "🔒", PALPITES!AC9 & " x " & PALPITES!AD9) -> 🔒 | T10: =PALPITES!AE9 -> 0 | U10: =IF(NOW() < CALENDARIO!$K9, "🔒", PALPITES!AG9 & " x " & PALPITES!AH9) -> 🔒 | V10: =PALPITES!AI9 -> 0 | W10: =IF(NOW() < CALENDARIO!$K9, "🔒", PALPITES!AK9 & " x " & PALPITES!AL9) -> 🔒 | X10: =PALPITES!AM9 -> 0 | Y10: =IF(NOW() < CALENDARIO!$K9, "🔒", PALPITES!AO9 & " x " & PALPITES!AP9) -> 🔒 | Z10: =PALPITES!AQ9 -> 0 | AA10: =IF(NOW() < CALENDARIO!$K9, "🔒", PALPITES!AS9 & " x " & PALPITES!AT9) -> 🔒 | AB10: =PALPITES!AU9 -> 0 | AC10: =IF(NOW() < CALENDARIO!$K9, "🔒", PALPITES!AW9 & " x " & PALPITES!AX9) -> 🔒 | AD10: =PALPITES!AY9 -> 0 | AE10: =IF(NOW() < CALENDARIO!$K9, "🔒", PALPITES!BA9 & " x " & PALPITES!BB9) -> 🔒 | AF10: =PALPITES!BC9 -> 0 | AG10: =IF(NOW() < CALENDARIO!$K9, "🔒", PALPITES!BE9 & " x " & PALPITES!BF9) -> 🔒 | AH10: =PALPITES!BG9 -> 0 | AI10: =IF(NOW() < CALENDARIO!$K9, "🔒", PALPITES!BI9 & " x " & PALPITES!BJ9) -> 🔒 | AJ10: =PALPITES!BK9 -> 0
A11: =CALENDARIO!A10 -> 9 | B11: =CALENDARIO!B10 -> 46187 | C11: =CALENDARIO!C10 -> 0.58333333 | D11: =CALENDARIO!D10 -> Alemanha | E11: =CALENDARIO!E10 -> 0 | F11: =CALENDARIO!F10 -> x | G11: =CALENDARIO!G10 -> 0 | H11: =CALENDARIO!H10 -> Curaçau | I11: =IF(NOW() < CALENDARIO!$K10, "🔒", PALPITES!I10 & " x " & PALPITES!J10) -> 🔒 | J11: =PALPITES!K10 -> 0 | K11: =IF(NOW() < CALENDARIO!$K10, "🔒", PALPITES!M10 & " x " & PALPITES!N10) -> 🔒 | L11: =PALPITES!O10 -> 0 | M11: =IF(NOW() < CALENDARIO!$K10, "🔒", PALPITES!Q10 & " x " & PALPITES!R10) -> 🔒 | N11: =PALPITES!S10 -> 0 | O11: =IF(NOW() < CALENDARIO!$K10, "🔒", PALPITES!U10 & " x " & PALPITES!V10) -> 🔒 | P11: =PALPITES!W10 -> 0 | Q11: =IF(NOW() < CALENDARIO!$K10, "🔒", PALPITES!Y10 & " x " & PALPITES!Z10) -> 🔒 | R11: =PALPITES!AA10 -> 0 | S11: =IF(NOW() < CALENDARIO!$K10, "🔒", PALPITES!AC10 & " x " & PALPITES!AD10) -> 🔒 | T11: =PALPITES!AE10 -> 0 | U11: =IF(NOW() < CALENDARIO!$K10, "🔒", PALPITES!AG10 & " x " & PALPITES!AH10) -> 🔒 | V11: =PALPITES!AI10 -> 0 | W11: =IF(NOW() < CALENDARIO!$K10, "🔒", PALPITES!AK10 & " x " & PALPITES!AL10) -> 🔒 | X11: =PALPITES!AM10 -> 0 | Y11: =IF(NOW() < CALENDARIO!$K10, "🔒", PALPITES!AO10 & " x " & PALPITES!AP10) -> 🔒 | Z11: =PALPITES!AQ10 -> 0 | AA11: =IF(NOW() < CALENDARIO!$K10, "🔒", PALPITES!AS10 & " x " & PALPITES!AT10) -> 🔒 | AB11: =PALPITES!AU10 -> 0 | AC11: =IF(NOW() < CALENDARIO!$K10, "🔒", PALPITES!AW10 & " x " & PALPITES!AX10) -> 🔒 | AD11: =PALPITES!AY10 -> 0 | AE11: =IF(NOW() < CALENDARIO!$K10, "🔒", PALPITES!BA10 & " x " & PALPITES!BB10) -> 🔒 | AF11: =PALPITES!BC10 -> 0 | AG11: =IF(NOW() < CALENDARIO!$K10, "🔒", PALPITES!BE10 & " x " & PALPITES!BF10) -> 🔒 | AH11: =PALPITES!BG10 -> 0 | AI11: =IF(NOW() < CALENDARIO!$K10, "🔒", PALPITES!BI10 & " x " & PALPITES!BJ10) -> 🔒 | AJ11: =PALPITES!BK10 -> 0
A12: =CALENDARIO!A11 -> 10 | B12: =CALENDARIO!B11 -> 46187 | C12: =CALENDARIO!C11 -> 0.83333333 | D12: =CALENDARIO!D11 -> Costa do Marfim | E12: =CALENDARIO!E11 -> 0 | F12: =CALENDARIO!F11 -> x | G12: =CALENDARIO!G11 -> 0 | H12: =CALENDARIO!H11 -> Equador | I12: =IF(NOW() < CALENDARIO!$K11, "🔒", PALPITES!I11 & " x " & PALPITES!J11) -> 🔒 | J12: =PALPITES!K11 -> 0 | K12: =IF(NOW() < CALENDARIO!$K11, "🔒", PALPITES!M11 & " x " & PALPITES!N11) -> 🔒 | L12: =PALPITES!O11 -> 0 | M12: =IF(NOW() < CALENDARIO!$K11, "🔒", PALPITES!Q11 & " x " & PALPITES!R11) -> 🔒 | N12: =PALPITES!S11 -> 0 | O12: =IF(NOW() < CALENDARIO!$K11, "🔒", PALPITES!U11 & " x " & PALPITES!V11) -> 🔒 | P12: =PALPITES!W11 -> 0 | Q12: =IF(NOW() < CALENDARIO!$K11, "🔒", PALPITES!Y11 & " x " & PALPITES!Z11) -> 🔒 | R12: =PALPITES!AA11 -> 0 | S12: =IF(NOW() < CALENDARIO!$K11, "🔒", PALPITES!AC11 & " x " & PALPITES!AD11) -> 🔒 | T12: =PALPITES!AE11 -> 0 | U12: =IF(NOW() < CALENDARIO!$K11, "🔒", PALPITES!AG11 & " x " & PALPITES!AH11) -> 🔒 | V12: =PALPITES!AI11 -> 0 | W12: =IF(NOW() < CALENDARIO!$K11, "🔒", PALPITES!AK11 & " x " & PALPITES!AL11) -> 🔒 | X12: =PALPITES!AM11 -> 0 | Y12: =IF(NOW() < CALENDARIO!$K11, "🔒", PALPITES!AO11 & " x " & PALPITES!AP11) -> 🔒 | Z12: =PALPITES!AQ11 -> 0 | AA12: =IF(NOW() < CALENDARIO!$K11, "🔒", PALPITES!AS11 & " x " & PALPITES!AT11) -> 🔒 | AB12: =PALPITES!AU11 -> 0 | AC12: =IF(NOW() < CALENDARIO!$K11, "🔒", PALPITES!AW11 & " x " & PALPITES!AX11) -> 🔒 | AD12: =PALPITES!AY11 -> 0 | AE12: =IF(NOW() < CALENDARIO!$K11, "🔒", PALPITES!BA11 & " x " & PALPITES!BB11) -> 🔒 | AF12: =PALPITES!BC11 -> 0 | AG12: =IF(NOW() < CALENDARIO!$K11, "🔒", PALPITES!BE11 & " x " & PALPITES!BF11) -> 🔒 | AH12: =PALPITES!BG11 -> 0 | AI12: =IF(NOW() < CALENDARIO!$K11, "🔒", PALPITES!BI11 & " x " & PALPITES!BJ11) -> 🔒 | AJ12: =PALPITES!BK11 -> 0
A13: =CALENDARIO!A12 -> 11 | B13: =CALENDARIO!B12 -> 46187 | C13: =CALENDARIO!C12 -> 0.70833333 | D13: =CALENDARIO!D12 -> Holanda | E13: =CALENDARIO!E12 -> 0 | F13: =CALENDARIO!F12 -> x | G13: =CALENDARIO!G12 -> 0 | H13: =CALENDARIO!H12 -> Japão | I13: =IF(NOW() < CALENDARIO!$K12, "🔒", PALPITES!I12 & " x " & PALPITES!J12) -> 🔒 | J13: =PALPITES!K12 -> 0 | K13: =IF(NOW() < CALENDARIO!$K12, "🔒", PALPITES!M12 & " x " & PALPITES!N12) -> 🔒 | L13: =PALPITES!O12 -> 0 | M13: =IF(NOW() < CALENDARIO!$K12, "🔒", PALPITES!Q12 & " x " & PALPITES!R12) -> 🔒 | N13: =PALPITES!S12 -> 0 | O13: =IF(NOW() < CALENDARIO!$K12, "🔒", PALPITES!U12 & " x " & PALPITES!V12) -> 🔒 | P13: =PALPITES!W12 -> 0 | Q13: =IF(NOW() < CALENDARIO!$K12, "🔒", PALPITES!Y12 & " x " & PALPITES!Z12) -> 🔒 | R13: =PALPITES!AA12 -> 0 | S13: =IF(NOW() < CALENDARIO!$K12, "🔒", PALPITES!AC12 & " x " & PALPITES!AD12) -> 🔒 | T13: =PALPITES!AE12 -> 0 | U13: =IF(NOW() < CALENDARIO!$K12, "🔒", PALPITES!AG12 & " x " & PALPITES!AH12) -> 🔒 | V13: =PALPITES!AI12 -> 0 | W13: =IF(NOW() < CALENDARIO!$K12, "🔒", PALPITES!AK12 & " x " & PALPITES!AL12) -> 🔒 | X13: =PALPITES!AM12 -> 0 | Y13: =IF(NOW() < CALENDARIO!$K12, "🔒", PALPITES!AO12 & " x " & PALPITES!AP12) -> 🔒 | Z13: =PALPITES!AQ12 -> 0 | AA13: =IF(NOW() < CALENDARIO!$K12, "🔒", PALPITES!AS12 & " x " & PALPITES!AT12) -> 🔒 | AB13: =PALPITES!AU12 -> 0 | AC13: =IF(NOW() < CALENDARIO!$K12, "🔒", PALPITES!AW12 & " x " & PALPITES!AX12) -> 🔒 | AD13: =PALPITES!AY12 -> 0 | AE13: =IF(NOW() < CALENDARIO!$K12, "🔒", PALPITES!BA12 & " x " & PALPITES!BB12) -> 🔒 | AF13: =PALPITES!BC12 -> 0 | AG13: =IF(NOW() < CALENDARIO!$K12, "🔒", PALPITES!BE12 & " x " & PALPITES!BF12) -> 🔒 | AH13: =PALPITES!BG12 -> 0 | AI13: =IF(NOW() < CALENDARIO!$K12, "🔒", PALPITES!BI12 & " x " & PALPITES!BJ12) -> 🔒 | AJ13: =PALPITES!BK12 -> 0
A14: =CALENDARIO!A13 -> 12 | B14: =CALENDARIO!B13 -> 46187 | C14: =CALENDARIO!C13 -> 0.95833333 | D14: =CALENDARIO!D13 -> Suécia | E14: =CALENDARIO!E13 -> 0 | F14: =CALENDARIO!F13 -> x | G14: =CALENDARIO!G13 -> 0 | H14: =CALENDARIO!H13 -> Tunísia | I14: =IF(NOW() < CALENDARIO!$K13, "🔒", PALPITES!I13 & " x " & PALPITES!J13) -> 🔒 | J14: =PALPITES!K13 -> 0 | K14: =IF(NOW() < CALENDARIO!$K13, "🔒", PALPITES!M13 & " x " & PALPITES!N13) -> 🔒 | L14: =PALPITES!O13 -> 0 | M14: =IF(NOW() < CALENDARIO!$K13, "🔒", PALPITES!Q13 & " x " & PALPITES!R13) -> 🔒 | N14: =PALPITES!S13 -> 0 | O14: =IF(NOW() < CALENDARIO!$K13, "🔒", PALPITES!U13 & " x " & PALPITES!V13) -> 🔒 | P14: =PALPITES!W13 -> 0 | Q14: =IF(NOW() < CALENDARIO!$K13, "🔒", PALPITES!Y13 & " x " & PALPITES!Z13) -> 🔒 | R14: =PALPITES!AA13 -> 0 | S14: =IF(NOW() < CALENDARIO!$K13, "🔒", PALPITES!AC13 & " x " & PALPITES!AD13) -> 🔒 | T14: =PALPITES!AE13 -> 0 | U14: =IF(NOW() < CALENDARIO!$K13, "🔒", PALPITES!AG13 & " x " & PALPITES!AH13) -> 🔒 | V14: =PALPITES!AI13 -> 0 | W14: =IF(NOW() < CALENDARIO!$K13, "🔒", PALPITES!AK13 & " x " & PALPITES!AL13) -> 🔒 | X14: =PALPITES!AM13 -> 0 | Y14: =IF(NOW() < CALENDARIO!$K13, "🔒", PALPITES!AO13 & " x " & PALPITES!AP13) -> 🔒 | Z14: =PALPITES!AQ13 -> 0 | AA14: =IF(NOW() < CALENDARIO!$K13, "🔒", PALPITES!AS13 & " x " & PALPITES!AT13) -> 🔒 | AB14: =PALPITES!AU13 -> 0 | AC14: =IF(NOW() < CALENDARIO!$K13, "🔒", PALPITES!AW13 & " x " & PALPITES!AX13) -> 🔒 | AD14: =PALPITES!AY13 -> 0 | AE14: =IF(NOW() < CALENDARIO!$K13, "🔒", PALPITES!BA13 & " x " & PALPITES!BB13) -> 🔒 | AF14: =PALPITES!BC13 -> 0 | AG14: =IF(NOW() < CALENDARIO!$K13, "🔒", PALPITES!BE13 & " x " & PALPITES!BF13) -> 🔒 | AH14: =PALPITES!BG13 -> 0 | AI14: =IF(NOW() < CALENDARIO!$K13, "🔒", PALPITES!BI13 & " x " & PALPITES!BJ13) -> 🔒 | AJ14: =PALPITES!BK13 -> 0
... A106: =CALENDARIO!A105 -> 104 | B106: =CALENDARIO!B105 -> 46222 | C106: =CALENDARIO!C105 -> 0.66666667 | D106: =CALENDARIO!D105 -> Vencedor jogo 101 | E106: =CALENDARIO!E105 -> 0 | F106: =CALENDARIO!F105 -> x | G106: =CALENDARIO!G105 -> 0 | H106: =CALENDARIO!H105 -> Vencedor jogo 102 | I106: =IF(NOW() < CALENDARIO!$K105, "🔒", PALPITES!I105 & " x " & PALPITES!J105) -> 🔒 | J106: =PALPITES!K105 -> 0 | K106: =IF(NOW() < CALENDARIO!$K105, "🔒", PALPITES!M105 & " x " & PALPITES!N105) -> 🔒 | L106: =PALPITES!O105 -> 0 | M106: =IF(NOW() < CALENDARIO!$K105, "🔒", PALPITES!Q105 & " x " & PALPITES!R105) -> 🔒 | N106: =PALPITES!S105 -> 0 | O106: =IF(NOW() < CALENDARIO!$K105, "🔒", PALPITES!U105 & " x " & PALPITES!V105) -> 🔒 | P106: =PALPITES!W105 -> 0 | Q106: =IF(NOW() < CALENDARIO!$K105, "🔒", PALPITES!Y105 & " x " & PALPITES!Z105) -> 🔒 | R106: =PALPITES!AA105 -> 0 | S106: =IF(NOW() < CALENDARIO!$K105, "🔒", PALPITES!AC105 & " x " & PALPITES!AD105) -> 🔒 | T106: =PALPITES!AE105 -> 0 | U106: =IF(NOW() < CALENDARIO!$K105, "🔒", PALPITES!AG105 & " x " & PALPITES!AH105) -> 🔒 | V106: =PALPITES!AI105 -> 0 | W106: =IF(NOW() < CALENDARIO!$K105, "🔒", PALPITES!AK105 & " x " & PALPITES!AL105) -> 🔒 | X106: =PALPITES!AM105 -> 0 | Y106: =IF(NOW() < CALENDARIO!$K105, "🔒", PALPITES!AO105 & " x " & PALPITES!AP105) -> 🔒 | Z106: =PALPITES!AQ105 -> 0 | AA106: =IF(NOW() < CALENDARIO!$K105, "🔒", PALPITES!AS105 & " x " & PALPITES!AT105) -> 🔒 | AB106: =PALPITES!AU105 -> 0 | AC106: =IF(NOW() < CALENDARIO!$K105, "🔒", PALPITES!AW105 & " x " & PALPITES!AX105) -> 🔒 | AD106: =PALPITES!AY105 -> 0 | AE106: =IF(NOW() < CALENDARIO!$K105, "🔒", PALPITES!BA105 & " x " & PALPITES!BB105) -> 🔒 | AF106: =PALPITES!BC105 -> 0 | AG106: =IF(NOW() < CALENDARIO!$K105, "🔒", PALPITES!BE105 & " x " & PALPITES!BF105) -> 🔒 | AH106: =PALPITES!BG105 -> 0 | AI106: =IF(NOW() < CALENDARIO!$K105, "🔒", PALPITES!BI105 & " x " & PALPITES!BJ105) -> 🔒 | AJ106: =PALPITES!BK105 -> 0
I107: Total | J107: =SUM(J3:J106) -> #VALUE! | K107: Total | L107: =SUM(L3:L106) -> 0 | M107: Total | N107: =SUM(N3:N106) -> 0 | O107: Total | P107: =SUM(P3:P106) -> 0 | Q107: Total | R107: =SUM(R3:R106) -> 0 | S107: Total | T107: =SUM(T3:T106) -> 0 | U107: Total | V107: =SUM(V3:V106) -> 0 | W107: Total | X107: =SUM(X3:X106) -> 0 | Y107: Total | Z107: =SUM(Z3:Z106) -> 0 | AA107: Total | AB107: =SUM(AB3:AB106) -> 0 | AC107: Total | AD107: =SUM(AD3:AD106) -> 0 | AE107: Total | AF107: =SUM(AF3:AF106) -> 0 | AG107: Total | AH107: =SUM(AH3:AH106) -> 0 | AI107: Total | AJ107: =SUM(AJ3:AJ106) -> 0

Sheet RANKING
B3: Posição | C3: Jogador | D3: Pontos | E3: Bônus
B4: {=_xludf.SEQUENCE(14, 1, 1, 1)} -> #NAME? | C4: ALICE | D4: #N/A | E4: #N/A
B5: #NAME? | C5: ANNE | D5: 0 | E5: 0
B6: #NAME? | C6: CARLINHOS | D6: 0 | E6: 0
B7: #NAME? | C7: DEDE | D7: 0 | E7: 0
B8: #NAME? | C8: ERIKA | D8: 0 | E8: 0
B9: #NAME? | C9: GUTO | D9: 0 | E9: 0
B10: #NAME? | C10: HELENA | D10: 0 | E10: 0
B11: #NAME? | C11: JULIA | D11: 0 | E11: 0
B12: #NAME? | C12: KANOO | D12: 0 | E12: 0
B13: #NAME? | C13: KATIA | D13: 0 | E13: 0
B14: #NAME? | C14: RAFA | D14: 0 | E14: 0
B15: #NAME? | C15: RAQUEL | D15: 0 | E15: 0
B16: #NAME? | C16: RENATO | D16: 0 | E16: 0
B17: #NAME? | C17: ZE | D17: 0 | E17: 0

Sheet HISTORICO
B1: =CONFIG!$A2 -> ALICE | C1: =CONFIG!$A3 -> ANNE | D1: =CONFIG!$A4 -> CARLINHOS | E1: =CONFIG!$A5 -> DEDE | F1: =CONFIG!$A6 -> ERIKA | G1: =CONFIG!$A7 -> GUTO | H1: =CONFIG!$A8 -> HELENA | I1: =CONFIG!$A9 -> JULIA | J1: =CONFIG!$A10 -> KANOO | K1: =CONFIG!$A11 -> KATIA | L1: =CONFIG!$A12 -> RAFA | M1: =CONFIG!$A13 -> RAQUEL | N1: =CONFIG!$A14 -> RENATO | O1: =CONFIG!$A15 -> ZE
A2: 1 | B2: =IF(CALENDARIO!$E2="", NA(), SUM(PALPITES!$K$2:$K2)) -> #N/A | C2: =IF(CALENDARIO!$E2="", NA(), SUM(PALPITES!$O$2:$O2)) -> #N/A | D2: =IF(CALENDARIO!$E2="", NA(), SUM(PALPITES!$S$2:$S2)) -> #N/A | E2: =IF(CALENDARIO!$E2="", NA(), SUM(PALPITES!$W$2:$W2)) -> #N/A | F2: =IF(CALENDARIO!$E2="", NA(), SUM(PALPITES!$AA$2:$AA2)) -> #N/A | G2: =IF(CALENDARIO!$E2="", NA(), SUM(PALPITES!$AE$2:$AE2)) -> #N/A | H2: =IF(CALENDARIO!$E2="", NA(), SUM(PALPITES!$AI$2:$AI2)) -> #N/A | I2: =IF(CALENDARIO!$E2="", NA(), SUM(PALPITES!$AM$2:$AM2)) -> #N/A | J2: =IF(CALENDARIO!$E2="", NA(), SUM(PALPITES!$AQ$2:$AQ2)) -> #N/A | K2: =IF(CALENDARIO!$E2="", NA(), SUM(PALPITES!$AU$2:$AU2)) -> #N/A | L2: =IF(CALENDARIO!$E2="", NA(), SUM(PALPITES!$AY$2:$AY2)) -> #N/A | M2: =IF(CALENDARIO!$E2="", NA(), SUM(PALPITES!$BC$2:$BC2)) -> #N/A | N2: =IF(CALENDARIO!$E2="", NA(), SUM(PALPITES!$BG$2:$BG2)) -> #N/A | O2: =IF(CALENDARIO!$E2="", NA(), SUM(PALPITES!$BK$2:$BK2)) -> #N/A
A3: 2 | B3: =IF(CALENDARIO!$E3="", NA(), SUM(PALPITES!$K$2:$K3)) -> #N/A | C3: =IF(CALENDARIO!$E3="", NA(), SUM(PALPITES!$O$2:$O3)) -> #N/A | D3: =IF(CALENDARIO!$E3="", NA(), SUM(PALPITES!$S$2:$S3)) -> #N/A | E3: =IF(CALENDARIO!$E3="", NA(), SUM(PALPITES!$W$2:$W3)) -> #N/A | F3: =IF(CALENDARIO!$E3="", NA(), SUM(PALPITES!$AA$2:$AA3)) -> #N/A | G3: =IF(CALENDARIO!$E3="", NA(), SUM(PALPITES!$AE$2:$AE3)) -> #N/A | H3: =IF(CALENDARIO!$E3="", NA(), SUM(PALPITES!$AI$2:$AI3)) -> #N/A | I3: =IF(CALENDARIO!$E3="", NA(), SUM(PALPITES!$AM$2:$AM3)) -> #N/A | J3: =IF(CALENDARIO!$E3="", NA(), SUM(PALPITES!$AQ$2:$AQ3)) -> #N/A | K3: =IF(CALENDARIO!$E3="", NA(), SUM(PALPITES!$AU$2:$AU3)) -> #N/A | L3: =IF(CALENDARIO!$E3="", NA(), SUM(PALPITES!$AY$2:$AY3)) -> #N/A | M3: =IF(CALENDARIO!$E3="", NA(), SUM(PALPITES!$BC$2:$BC3)) -> #N/A | N3: =IF(CALENDARIO!$E3="", NA(), SUM(PALPITES!$BG$2:$BG3)) -> #N/A | O3: =IF(CALENDARIO!$E3="", NA(), SUM(PALPITES!$BK$2:$BK3)) -> #N/A
A4: 3 | B4: =IF(CALENDARIO!$E4="", NA(), SUM(PALPITES!$K$2:$K4)) -> #N/A | C4: =IF(CALENDARIO!$E4="", NA(), SUM(PALPITES!$O$2:$O4)) -> #N/A | D4: =IF(CALENDARIO!$E4="", NA(), SUM(PALPITES!$S$2:$S4)) -> #N/A | E4: =IF(CALENDARIO!$E4="", NA(), SUM(PALPITES!$W$2:$W4)) -> #N/A | F4: =IF(CALENDARIO!$E4="", NA(), SUM(PALPITES!$AA$2:$AA4)) -> #N/A | G4: =IF(CALENDARIO!$E4="", NA(), SUM(PALPITES!$AE$2:$AE4)) -> #N/A | H4: =IF(CALENDARIO!$E4="", NA(), SUM(PALPITES!$AI$2:$AI4)) -> #N/A | I4: =IF(CALENDARIO!$E4="", NA(), SUM(PALPITES!$AM$2:$AM4)) -> #N/A | J4: =IF(CALENDARIO!$E4="", NA(), SUM(PALPITES!$AQ$2:$AQ4)) -> #N/A | K4: =IF(CALENDARIO!$E4="", NA(), SUM(PALPITES!$AU$2:$AU4)) -> #N/A | L4: =IF(CALENDARIO!$E4="", NA(), SUM(PALPITES!$AY$2:$AY4)) -> #N/A | M4: =IF(CALENDARIO!$E4="", NA(), SUM(PALPITES!$BC$2:$BC4)) -> #N/A | N4: =IF(CALENDARIO!$E4="", NA(), SUM(PALPITES!$BG$2:$BG4)) -> #N/A | O4: =IF(CALENDARIO!$E4="", NA(), SUM(PALPITES!$BK$2:$BK4)) -> #N/A
A5: 4 | B5: =IF(CALENDARIO!$E5="", NA(), SUM(PALPITES!$K$2:$K5)) -> #N/A | C5: =IF(CALENDARIO!$E5="", NA(), SUM(PALPITES!$O$2:$O5)) -> #N/A | D5: =IF(CALENDARIO!$E5="", NA(), SUM(PALPITES!$S$2:$S5)) -> #N/A | E5: =IF(CALENDARIO!$E5="", NA(), SUM(PALPITES!$W$2:$W5)) -> #N/A | F5: =IF(CALENDARIO!$E5="", NA(), SUM(PALPITES!$AA$2:$AA5)) -> #N/A | G5: =IF(CALENDARIO!$E5="", NA(), SUM(PALPITES!$AE$2:$AE5)) -> #N/A | H5: =IF(CALENDARIO!$E5="", NA(), SUM(PALPITES!$AI$2:$AI5)) -> #N/A | I5: =IF(CALENDARIO!$E5="", NA(), SUM(PALPITES!$AM$2:$AM5)) -> #N/A | J5: =IF(CALENDARIO!$E5="", NA(), SUM(PALPITES!$AQ$2:$AQ5)) -> #N/A | K5: =IF(CALENDARIO!$E5="", NA(), SUM(PALPITES!$AU$2:$AU5)) -> #N/A | L5: =IF(CALENDARIO!$E5="", NA(), SUM(PALPITES!$AY$2:$AY5)) -> #N/A | M5: =IF(CALENDARIO!$E5="", NA(), SUM(PALPITES!$BC$2:$BC5)) -> #N/A | N5: =IF(CALENDARIO!$E5="", NA(), SUM(PALPITES!$BG$2:$BG5)) -> #N/A | O5: =IF(CALENDARIO!$E5="", NA(), SUM(PALPITES!$BK$2:$BK5)) -> #N/A
A6: 5 | B6: =IF(CALENDARIO!$E6="", NA(), SUM(PALPITES!$K$2:$K6)) -> #N/A | C6: =IF(CALENDARIO!$E6="", NA(), SUM(PALPITES!$O$2:$O6)) -> #N/A | D6: =IF(CALENDARIO!$E6="", NA(), SUM(PALPITES!$S$2:$S6)) -> #N/A | E6: =IF(CALENDARIO!$E6="", NA(), SUM(PALPITES!$W$2:$W6)) -> #N/A | F6: =IF(CALENDARIO!$E6="", NA(), SUM(PALPITES!$AA$2:$AA6)) -> #N/A | G6: =IF(CALENDARIO!$E6="", NA(), SUM(PALPITES!$AE$2:$AE6)) -> #N/A | H6: =IF(CALENDARIO!$E6="", NA(), SUM(PALPITES!$AI$2:$AI6)) -> #N/A | I6: =IF(CALENDARIO!$E6="", NA(), SUM(PALPITES!$AM$2:$AM6)) -> #N/A | J6: =IF(CALENDARIO!$E6="", NA(), SUM(PALPITES!$AQ$2:$AQ6)) -> #N/A | K6: =IF(CALENDARIO!$E6="", NA(), SUM(PALPITES!$AU$2:$AU6)) -> #N/A | L6: =IF(CALENDARIO!$E6="", NA(), SUM(PALPITES!$AY$2:$AY6)) -> #N/A | M6: =IF(CALENDARIO!$E6="", NA(), SUM(PALPITES!$BC$2:$BC6)) -> #N/A | N6: =IF(CALENDARIO!$E6="", NA(), SUM(PALPITES!$BG$2:$BG6)) -> #N/A | O6: =IF(CALENDARIO!$E6="", NA(), SUM(PALPITES!$BK$2:$BK6)) -> #N/A
A7: 6 | B7: =IF(CALENDARIO!$E7="", NA(), SUM(PALPITES!$K$2:$K7)) -> #N/A | C7: =IF(CALENDARIO!$E7="", NA(), SUM(PALPITES!$O$2:$O7)) -> #N/A | D7: =IF(CALENDARIO!$E7="", NA(), SUM(PALPITES!$S$2:$S7)) -> #N/A | E7: =IF(CALENDARIO!$E7="", NA(), SUM(PALPITES!$W$2:$W7)) -> #N/A | F7: =IF(CALENDARIO!$E7="", NA(), SUM(PALPITES!$AA$2:$AA7)) -> #N/A | G7: =IF(CALENDARIO!$E7="", NA(), SUM(PALPITES!$AE$2:$AE7)) -> #N/A | H7: =IF(CALENDARIO!$E7="", NA(), SUM(PALPITES!$AI$2:$AI7)) -> #N/A | I7: =IF(CALENDARIO!$E7="", NA(), SUM(PALPITES!$AM$2:$AM7)) -> #N/A | J7: =IF(CALENDARIO!$E7="", NA(), SUM(PALPITES!$AQ$2:$AQ7)) -> #N/A | K7: =IF(CALENDARIO!$E7="", NA(), SUM(PALPITES!$AU$2:$AU7)) -> #N/A | L7: =IF(CALENDARIO!$E7="", NA(), SUM(PALPITES!$AY$2:$AY7)) -> #N/A | M7: =IF(CALENDARIO!$E7="", NA(), SUM(PALPITES!$BC$2:$BC7)) -> #N/A | N7: =IF(CALENDARIO!$E7="", NA(), SUM(PALPITES!$BG$2:$BG7)) -> #N/A | O7: =IF(CALENDARIO!$E7="", NA(), SUM(PALPITES!$BK$2:$BK7)) -> #N/A
A8: 7 | B8: =IF(CALENDARIO!$E8="", NA(), SUM(PALPITES!$K$2:$K8)) -> #N/A | C8: =IF(CALENDARIO!$E8="", NA(), SUM(PALPITES!$O$2:$O8)) -> #N/A | D8: =IF(CALENDARIO!$E8="", NA(), SUM(PALPITES!$S$2:$S8)) -> #N/A | E8: =IF(CALENDARIO!$E8="", NA(), SUM(PALPITES!$W$2:$W8)) -> #N/A | F8: =IF(CALENDARIO!$E8="", NA(), SUM(PALPITES!$AA$2:$AA8)) -> #N/A | G8: =IF(CALENDARIO!$E8="", NA(), SUM(PALPITES!$AE$2:$AE8)) -> #N/A | H8: =IF(CALENDARIO!$E8="", NA(), SUM(PALPITES!$AI$2:$AI8)) -> #N/A | I8: =IF(CALENDARIO!$E8="", NA(), SUM(PALPITES!$AM$2:$AM8)) -> #N/A | J8: =IF(CALENDARIO!$E8="", NA(), SUM(PALPITES!$AQ$2:$AQ8)) -> #N/A | K8: =IF(CALENDARIO!$E8="", NA(), SUM(PALPITES!$AU$2:$AU8)) -> #N/A | L8: =IF(CALENDARIO!$E8="", NA(), SUM(PALPITES!$AY$2:$AY8)) -> #N/A | M8: =IF(CALENDARIO!$E8="", NA(), SUM(PALPITES!$BC$2:$BC8)) -> #N/A | N8: =IF(CALENDARIO!$E8="", NA(), SUM(PALPITES!$BG$2:$BG8)) -> #N/A | O8: =IF(CALENDARIO!$E8="", NA(), SUM(PALPITES!$BK$2:$BK8)) -> #N/A
A9: 8 | B9: =IF(CALENDARIO!$E9="", NA(), SUM(PALPITES!$K$2:$K9)) -> #N/A | C9: =IF(CALENDARIO!$E9="", NA(), SUM(PALPITES!$O$2:$O9)) -> #N/A | D9: =IF(CALENDARIO!$E9="", NA(), SUM(PALPITES!$S$2:$S9)) -> #N/A | E9: =IF(CALENDARIO!$E9="", NA(), SUM(PALPITES!$W$2:$W9)) -> #N/A | F9: =IF(CALENDARIO!$E9="", NA(), SUM(PALPITES!$AA$2:$AA9)) -> #N/A | G9: =IF(CALENDARIO!$E9="", NA(), SUM(PALPITES!$AE$2:$AE9)) -> #N/A | H9: =IF(CALENDARIO!$E9="", NA(), SUM(PALPITES!$AI$2:$AI9)) -> #N/A | I9: =IF(CALENDARIO!$E9="", NA(), SUM(PALPITES!$AM$2:$AM9)) -> #N/A | J9: =IF(CALENDARIO!$E9="", NA(), SUM(PALPITES!$AQ$2:$AQ9)) -> #N/A | K9: =IF(CALENDARIO!$E9="", NA(), SUM(PALPITES!$AU$2:$AU9)) -> #N/A | L9: =IF(CALENDARIO!$E9="", NA(), SUM(PALPITES!$AY$2:$AY9)) -> #N/A | M9: =IF(CALENDARIO!$E9="", NA(), SUM(PALPITES!$BC$2:$BC9)) -> #N/A | N9: =IF(CALENDARIO!$E9="", NA(), SUM(PALPITES!$BG$2:$BG9)) -> #N/A | O9: =IF(CALENDARIO!$E9="", NA(), SUM(PALPITES!$BK$2:$BK9)) -> #N/A
A10: 9 | B10: =IF(CALENDARIO!$E10="", NA(), SUM(PALPITES!$K$2:$K10)) -> #N/A | C10: =IF(CALENDARIO!$E10="", NA(), SUM(PALPITES!$O$2:$O10)) -> #N/A | D10: =IF(CALENDARIO!$E10="", NA(), SUM(PALPITES!$S$2:$S10)) -> #N/A | E10: =IF(CALENDARIO!$E10="", NA(), SUM(PALPITES!$W$2:$W10)) -> #N/A | F10: =IF(CALENDARIO!$E10="", NA(), SUM(PALPITES!$AA$2:$AA10)) -> #N/A | G10: =IF(CALENDARIO!$E10="", NA(), SUM(PALPITES!$AE$2:$AE10)) -> #N/A | H10: =IF(CALENDARIO!$E10="", NA(), SUM(PALPITES!$AI$2:$AI10)) -> #N/A | I10: =IF(CALENDARIO!$E10="", NA(), SUM(PALPITES!$AM$2:$AM10)) -> #N/A | J10: =IF(CALENDARIO!$E10="", NA(), SUM(PALPITES!$AQ$2:$AQ10)) -> #N/A | K10: =IF(CALENDARIO!$E10="", NA(), SUM(PALPITES!$AU$2:$AU10)) -> #N/A | L10: =IF(CALENDARIO!$E10="", NA(), SUM(PALPITES!$AY$2:$AY10)) -> #N/A | M10: =IF(CALENDARIO!$E10="", NA(), SUM(PALPITES!$BC$2:$BC10)) -> #N/A | N10: =IF(CALENDARIO!$E10="", NA(), SUM(PALPITES!$BG$2:$BG10)) -> #N/A | O10: =IF(CALENDARIO!$E10="", NA(), SUM(PALPITES!$BK$2:$BK10)) -> #N/A
A11: 10 | B11: =IF(CALENDARIO!$E11="", NA(), SUM(PALPITES!$K$2:$K11)) -> #N/A | C11: =IF(CALENDARIO!$E11="", NA(), SUM(PALPITES!$O$2:$O11)) -> #N/A | D11: =IF(CALENDARIO!$E11="", NA(), SUM(PALPITES!$S$2:$S11)) -> #N/A | E11: =IF(CALENDARIO!$E11="", NA(), SUM(PALPITES!$W$2:$W11)) -> #N/A | F11: =IF(CALENDARIO!$E11="", NA(), SUM(PALPITES!$AA$2:$AA11)) -> #N/A | G11: =IF(CALENDARIO!$E11="", NA(), SUM(PALPITES!$AE$2:$AE11)) -> #N/A | H11: =IF(CALENDARIO!$E11="", NA(), SUM(PALPITES!$AI$2:$AI11)) -> #N/A | I11: =IF(CALENDARIO!$E11="", NA(), SUM(PALPITES!$AM$2:$AM11)) -> #N/A | J11: =IF(CALENDARIO!$E11="", NA(), SUM(PALPITES!$AQ$2:$AQ11)) -> #N/A | K11: =IF(CALENDARIO!$E11="", NA(), SUM(PALPITES!$AU$2:$AU11)) -> #N/A | L11: =IF(CALENDARIO!$E11="", NA(), SUM(PALPITES!$AY$2:$AY11)) -> #N/A | M11: =IF(CALENDARIO!$E11="", NA(), SUM(PALPITES!$BC$2:$BC11)) -> #N/A | N11: =IF(CALENDARIO!$E11="", NA(), SUM(PALPITES!$BG$2:$BG11)) -> #N/A | O11: =IF(CALENDARIO!$E11="", NA(), SUM(PALPITES!$BK$2:$BK11)) -> #N/A
A12: 11 | B12: =IF(CALENDARIO!$E12="", NA(), SUM(PALPITES!$K$2:$K12)) -> #N/A | C12: =IF(CALENDARIO!$E12="", NA(), SUM(PALPITES!$O$2:$O12)) -> #N/A | D12: =IF(CALENDARIO!$E12="", NA(), SUM(PALPITES!$S$2:$S12)) -> #N/A | E12: =IF(CALENDARIO!$E12="", NA(), SUM(PALPITES!$W$2:$W12)) -> #N/A | F12: =IF(CALENDARIO!$E12="", NA(), SUM(PALPITES!$AA$2:$AA12)) -> #N/A | G12: =IF(CALENDARIO!$E12="", NA(), SUM(PALPITES!$AE$2:$AE12)) -> #N/A | H12: =IF(CALENDARIO!$E12="", NA(), SUM(PALPITES!$AI$2:$AI12)) -> #N/A | I12: =IF(CALENDARIO!$E12="", NA(), SUM(PALPITES!$AM$2:$AM12)) -> #N/A | J12: =IF(CALENDARIO!$E12="", NA(), SUM(PALPITES!$AQ$2:$AQ12)) -> #N/A | K12: =IF(CALENDARIO!$E12="", NA(), SUM(PALPITES!$AU$2:$AU12)) -> #N/A | L12: =IF(CALENDARIO!$E12="", NA(), SUM(PALPITES!$AY$2:$AY12)) -> #N/A | M12: =IF(CALENDARIO!$E12="", NA(), SUM(PALPITES!$BC$2:$BC12)) -> #N/A | N12: =IF(CALENDARIO!$E12="", NA(), SUM(PALPITES!$BG$2:$BG12)) -> #N/A | O12: =IF(CALENDARIO!$E12="", NA(), SUM(PALPITES!$BK$2:$BK12)) -> #N/A
A13: 12 | B13: =IF(CALENDARIO!$E13="", NA(), SUM(PALPITES!$K$2:$K13)) -> #N/A | C13: =IF(CALENDARIO!$E13="", NA(), SUM(PALPITES!$O$2:$O13)) -> #N/A | D13: =IF(CALENDARIO!$E13="", NA(), SUM(PALPITES!$S$2:$S13)) -> #N/A | E13: =IF(CALENDARIO!$E13="", NA(), SUM(PALPITES!$W$2:$W13)) -> #N/A | F13: =IF(CALENDARIO!$E13="", NA(), SUM(PALPITES!$AA$2:$AA13)) -> #N/A | G13: =IF(CALENDARIO!$E13="", NA(), SUM(PALPITES!$AE$2:$AE13)) -> #N/A | H13: =IF(CALENDARIO!$E13="", NA(), SUM(PALPITES!$AI$2:$AI13)) -> #N/A | I13: =IF(CALENDARIO!$E13="", NA(), SUM(PALPITES!$AM$2:$AM13)) -> #N/A | J13: =IF(CALENDARIO!$E13="", NA(), SUM(PALPITES!$AQ$2:$AQ13)) -> #N/A | K13: =IF(CALENDARIO!$E13="", NA(), SUM(PALPITES!$AU$2:$AU13)) -> #N/A | L13: =IF(CALENDARIO!$E13="", NA(), SUM(PALPITES!$AY$2:$AY13)) -> #N/A | M13: =IF(CALENDARIO!$E13="", NA(), SUM(PALPITES!$BC$2:$BC13)) -> #N/A | N13: =IF(CALENDARIO!$E13="", NA(), SUM(PALPITES!$BG$2:$BG13)) -> #N/A | O13: =IF(CALENDARIO!$E13="", NA(), SUM(PALPITES!$BK$2:$BK13)) -> #N/A
... A105: 104 | B105: =IF(CALENDARIO!$E105="", NA(), SUM(PALPITES!$K$2:$K105)) -> #N/A | C105: =IF(CALENDARIO!$E105="", NA(), SUM(PALPITES!$O$2:$O105)) -> #N/A | D105: =IF(CALENDARIO!$E105="", NA(), SUM(PALPITES!$S$2:$S105)) -> #N/A | E105: =IF(CALENDARIO!$E105="", NA(), SUM(PALPITES!$W$2:$W105)) -> #N/A | F105: =IF(CALENDARIO!$E105="", NA(), SUM(PALPITES!$AA$2:$AA105)) -> #N/A | G105: =IF(CALENDARIO!$E105="", NA(), SUM(PALPITES!$AE$2:$AE105)) -> #N/A | H105: =IF(CALENDARIO!$E105="", NA(), SUM(PALPITES!$AI$2:$AI105)) -> #N/A | I105: =IF(CALENDARIO!$E105="", NA(), SUM(PALPITES!$AM$2:$AM105)) -> #N/A | J105: =IF(CALENDARIO!$E105="", NA(), SUM(PALPITES!$AQ$2:$AQ105)) -> #N/A | K105: =IF(CALENDARIO!$E105="", NA(), SUM(PALPITES!$AU$2:$AU105)) -> #N/A | L105: =IF(CALENDARIO!$E105="", NA(), SUM(PALPITES!$AY$2:$AY105)) -> #N/A | M105: =IF(CALENDARIO!$E105="", NA(), SUM(PALPITES!$BC$2:$BC105)) -> #N/A | N105: =IF(CALENDARIO!$E105="", NA(), SUM(PALPITES!$BG$2:$BG105)) -> #N/A | O105: =IF(CALENDARIO!$E105="", NA(), SUM(PALPITES!$BK$2:$BK105)) -> #N/A
B110: =B1 -> ALICE | C110: =C1 -> ANNE | D110: =D1 -> CARLINHOS | E110: =E1 -> DEDE | F110: =F1 -> ERIKA | G110: =G1 -> GUTO | H110: =H1 -> HELENA | I110: =I1 -> JULIA | ... O110: =O1 -> ZE
A111: 1 | B111: =IF(ISNA(B2), NA(), 15 - RANK(B2, $B2:$O2)) -> #N/A | C111: =IF(ISNA(C2), NA(), 15 - RANK(C2, $B2:$O2)) -> #N/A | D111: =IF(ISNA(D2), NA(), 15 - RANK(D2, $B2:$O2)) -> #N/A | E111: =IF(ISNA(E2), NA(), 15 - RANK(E2, $B2:$O2)) -> #N/A | F111: =IF(ISNA(F2), NA(), 15 - RANK(F2, $B2:$O2)) -> #N/A | G111: =IF(ISNA(G2), NA(), 15 - RANK(G2, $B2:$O2)) -> #N/A | H111: =IF(ISNA(H2), NA(), 15 - RANK(H2, $B2:$O2)) -> #N/A | I111: =IF(ISNA(I2), NA(), 15 - RANK(I2, $B2:$O2)) -> #N/A | ... O111: =IF(ISNA(O2), NA(), 15 - RANK(O2, $B2:$O2)) -> #N/A
A112: 2 | B112: =IF(ISNA(B3), NA(), 15 - RANK(B3, $B3:$O3)) -> #N/A | C112: =IF(ISNA(C3), NA(), 15 - RANK(C3, $B3:$O3)) -> #N/A | D112: =IF(ISNA(D3), NA(), 15 - RANK(D3, $B3:$O3)) -> #N/A | E112: =IF(ISNA(E3), NA(), 15 - RANK(E3, $B3:$O3)) -> #N/A | F112: =IF(ISNA(F3), NA(), 15 - RANK(F3, $B3:$O3)) -> #N/A | G112: =IF(ISNA(G3), NA(), 15 - RANK(G3, $B3:$O3)) -> #N/A | H112: =IF(ISNA(H3), NA(), 15 - RANK(H3, $B3:$O3)) -> #N/A | I112: =IF(ISNA(I3), NA(), 15 - RANK(I3, $B3:$O3)) -> #N/A | ... O112: =IF(ISNA(O3), NA(), 15 - RANK(O3, $B3:$O3)) -> #N/A
A113: 3 | B113: =IF(ISNA(B4), NA(), 15 - RANK(B4, $B4:$O4)) -> #N/A | C113: =IF(ISNA(C4), NA(), 15 - RANK(C4, $B4:$O4)) -> #N/A | D113: =IF(ISNA(D4), NA(), 15 - RANK(D4, $B4:$O4)) -> #N/A | E113: =IF(ISNA(E4), NA(), 15 - RANK(E4, $B4:$O4)) -> #N/A | F113: =IF(ISNA(F4), NA(), 15 - RANK(F4, $B4:$O4)) -> #N/A | G113: =IF(ISNA(G4), NA(), 15 - RANK(G4, $B4:$O4)) -> #N/A | H113: =IF(ISNA(H4), NA(), 15 - RANK(H4, $B4:$O4)) -> #N/A | I113: =IF(ISNA(I4), NA(), 15 - RANK(I4, $B4:$O4)) -> #N/A | ... O113: =IF(ISNA(O4), NA(), 15 - RANK(O4, $B4:$O4)) -> #N/A
A114: 4 | B114: =IF(ISNA(B5), NA(), 15 - RANK(B5, $B5:$O5)) -> #N/A | C114: =IF(ISNA(C5), NA(), 15 - RANK(C5, $B5:$O5)) -> #N/A | D114: =IF(ISNA(D5), NA(), 15 - RANK(D5, $B5:$O5)) -> #N/A | E114: =IF(ISNA(E5), NA(), 15 - RANK(E5, $B5:$O5)) -> #N/A | F114: =IF(ISNA(F5), NA(), 15 - RANK(F5, $B5:$O5)) -> #N/A | G114: =IF(ISNA(G5), NA(), 15 - RANK(G5, $B5:$O5)) -> #N/A | H114: =IF(ISNA(H5), NA(), 15 - RANK(H5, $B5:$O5)) -> #N/A | I114: =IF(ISNA(I5), NA(), 15 - RANK(I5, $B5:$O5)) -> #N/A | ... O114: =IF(ISNA(O5), NA(), 15 - RANK(O5, $B5:$O5)) -> #N/A
A115: 5 | B115: =IF(ISNA(B6), NA(), 15 - RANK(B6, $B6:$O6)) -> #N/A | C115: =IF(ISNA(C6), NA(), 15 - RANK(C6, $B6:$O6)) -> #N/A | D115: =IF(ISNA(D6), NA(), 15 - RANK(D6, $B6:$O6)) -> #N/A | E115: =IF(ISNA(E6), NA(), 15 - RANK(E6, $B6:$O6)) -> #N/A | F115: =IF(ISNA(F6), NA(), 15 - RANK(F6, $B6:$O6)) -> #N/A | G115: =IF(ISNA(G6), NA(), 15 - RANK(G6, $B6:$O6)) -> #N/A | H115: =IF(ISNA(H6), NA(), 15 - RANK(H6, $B6:$O6)) -> #N/A | I115: =IF(ISNA(I6), NA(), 15 - RANK(I6, $B6:$O6)) -> #N/A | ... O115: =IF(ISNA(O6), NA(), 15 - RANK(O6, $B6:$O6)) -> #N/A
A116: 6 | B116: =IF(ISNA(B7), NA(), 15 - RANK(B7, $B7:$O7)) -> #N/A | C116: =IF(ISNA(C7), NA(), 15 - RANK(C7, $B7:$O7)) -> #N/A | D116: =IF(ISNA(D7), NA(), 15 - RANK(D7, $B7:$O7)) -> #N/A | E116: =IF(ISNA(E7), NA(), 15 - RANK(E7, $B7:$O7)) -> #N/A | F116: =IF(ISNA(F7), NA(), 15 - RANK(F7, $B7:$O7)) -> #N/A | G116: =IF(ISNA(G7), NA(), 15 - RANK(G7, $B7:$O7)) -> #N/A | H116: =IF(ISNA(H7), NA(), 15 - RANK(H7, $B7:$O7)) -> #N/A | I116: =IF(ISNA(I7), NA(), 15 - RANK(I7, $B7:$O7)) -> #N/A | ... O116: =IF(ISNA(O7), NA(), 15 - RANK(O7, $B7:$O7)) -> #N/A
A117: 7 | B117: =IF(ISNA(B8), NA(), 15 - RANK(B8, $B8:$O8)) -> #N/A | C117: =IF(ISNA(C8), NA(), 15 - RANK(C8, $B8:$O8)) -> #N/A | D117: =IF(ISNA(D8), NA(), 15 - RANK(D8, $B8:$O8)) -> #N/A | E117: =IF(ISNA(E8), NA(), 15 - RANK(E8, $B8:$O8)) -> #N/A | F117: =IF(ISNA(F8), NA(), 15 - RANK(F8, $B8:$O8)) -> #N/A | G117: =IF(ISNA(G8), NA(), 15 - RANK(G8, $B8:$O8)) -> #N/A | H117: =IF(ISNA(H8), NA(), 15 - RANK(H8, $B8:$O8)) -> #N/A | I117: =IF(ISNA(I8), NA(), 15 - RANK(I8, $B8:$O8)) -> #N/A | ... O117: =IF(ISNA(O8), NA(), 15 - RANK(O8, $B8:$O8)) -> #N/A
A118: 8 | B118: =IF(ISNA(B9), NA(), 15 - RANK(B9, $B9:$O9)) -> #N/A | C118: =IF(ISNA(C9), NA(), 15 - RANK(C9, $B9:$O9)) -> #N/A | D118: =IF(ISNA(D9), NA(), 15 - RANK(D9, $B9:$O9)) -> #N/A | E118: =IF(ISNA(E9), NA(), 15 - RANK(E9, $B9:$O9)) -> #N/A | F118: =IF(ISNA(F9), NA(), 15 - RANK(F9, $B9:$O9)) -> #N/A | G118: =IF(ISNA(G9), NA(), 15 - RANK(G9, $B9:$O9)) -> #N/A | H118: =IF(ISNA(H9), NA(), 15 - RANK(H9, $B9:$O9)) -> #N/A | I118: =IF(ISNA(I9), NA(), 15 - RANK(I9, $B9:$O9)) -> #N/A | ... O118: =IF(ISNA(O9), NA(), 15 - RANK(O9, $B9:$O9)) -> #N/A
A119: 9 | B119: =IF(ISNA(B10), NA(), 15 - RANK(B10, $B10:$O10)) -> #N/A | C119: =IF(ISNA(C10), NA(), 15 - RANK(C10, $B10:$O10)) -> #N/A | D119: =IF(ISNA(D10), NA(), 15 - RANK(D10, $B10:$O10)) -> #N/A | E119: =IF(ISNA(E10), NA(), 15 - RANK(E10, $B10:$O10)) -> #N/A | F119: =IF(ISNA(F10), NA(), 15 - RANK(F10, $B10:$O10)) -> #N/A | G119: =IF(ISNA(G10), NA(), 15 - RANK(G10, $B10:$O10)) -> #N/A | H119: =IF(ISNA(H10), NA(), 15 - RANK(H10, $B10:$O10)) -> #N/A | I119: =IF(ISNA(I10), NA(), 15 - RANK(I10, $B10:$O10)) -> #N/A | ... O119: =IF(ISNA(O10), NA(), 15 - RANK(O10, $B10:$O10)) -> #N/A
A120: 10 | B120: =IF(ISNA(B11), NA(), 15 - RANK(B11, $B11:$O11)) -> #N/A | C120: =IF(ISNA(C11), NA(), 15 - RANK(C11, $B11:$O11)) -> #N/A | D120: =IF(ISNA(D11), NA(), 15 - RANK(D11, $B11:$O11)) -> #N/A | E120: =IF(ISNA(E11), NA(), 15 - RANK(E11, $B11:$O11)) -> #N/A | F120: =IF(ISNA(F11), NA(), 15 - RANK(F11, $B11:$O11)) -> #N/A | G120: =IF(ISNA(G11), NA(), 15 - RANK(G11, $B11:$O11)) -> #N/A | H120: =IF(ISNA(H11), NA(), 15 - RANK(H11, $B11:$O11)) -> #N/A | I120: =IF(ISNA(I11), NA(), 15 - RANK(I11, $B11:$O11)) -> #N/A | ... O120: =IF(ISNA(O11), NA(), 15 - RANK(O11, $B11:$O11)) -> #N/A
A121: 11 | B121: =IF(ISNA(B12), NA(), 15 - RANK(B12, $B12:$O12)) -> #N/A | C121: =IF(ISNA(C12), NA(), 15 - RANK(C12, $B12:$O12)) -> #N/A | D121: =IF(ISNA(D12), NA(), 15 - RANK(D12, $B12:$O12)) -> #N/A | E121: =IF(ISNA(E12), NA(), 15 - RANK(E12, $B12:$O12)) -> #N/A | F121: =IF(ISNA(F12), NA(), 15 - RANK(F12, $B12:$O12)) -> #N/A | G121: =IF(ISNA(G12), NA(), 15 - RANK(G12, $B12:$O12)) -> #N/A | H121: =IF(ISNA(H12), NA(), 15 - RANK(H12, $B12:$O12)) -> #N/A | I121: =IF(ISNA(I12), NA(), 15 - RANK(I12, $B12:$O12)) -> #N/A | ... O121: =IF(ISNA(O12), NA(), 15 - RANK(O12, $B12:$O12)) -> #N/A
A122: 12 | B122: =IF(ISNA(B13), NA(), 15 - RANK(B13, $B13:$O13)) -> #N/A | C122: =IF(ISNA(C13), NA(), 15 - RANK(C13, $B13:$O13)) -> #N/A | D122: =IF(ISNA(D13), NA(), 15 - RANK(D13, $B13:$O13)) -> #N/A | E122: =IF(ISNA(E13), NA(), 15 - RANK(E13, $B13:$O13)) -> #N/A | F122: =IF(ISNA(F13), NA(), 15 - RANK(F13, $B13:$O13)) -> #N/A | G122: =IF(ISNA(G13), NA(), 15 - RANK(G13, $B13:$O13)) -> #N/A | H122: =IF(ISNA(H13), NA(), 15 - RANK(H13, $B13:$O13)) -> #N/A | I122: =IF(ISNA(I13), NA(), 15 - RANK(I13, $B13:$O13)) -> #N/A | ... O122: =IF(ISNA(O13), NA(), 15 - RANK(O13, $B13:$O13)) -> #N/A
... A214: 104 | B214: =IF(ISNA(B105), NA(), 15 - RANK(B105, $B105:$O105)) -> #N/A | C214: =IF(ISNA(C105), NA(), 15 - RANK(C105, $B105:$O105)) -> #N/A | D214: =IF(ISNA(D105), NA(), 15 - RANK(D105, $B105:$O105)) -> #N/A | E214: =IF(ISNA(E105), NA(), 15 - RANK(E105, $B105:$O105)) -> #N/A | F214: =IF(ISNA(F105), NA(), 15 - RANK(F105, $B105:$O105)) -> #N/A | G214: =IF(ISNA(G105), NA(), 15 - RANK(G105, $B105:$O105)) -> #N/A | H214: =IF(ISNA(H105), NA(), 15 - RANK(H105, $B105:$O105)) -> #N/A | I214: =IF(ISNA(I105), NA(), 15 - RANK(I105, $B105:$O105)) -> #N/A | ... O214: =IF(ISNA(O105), NA(), 15 - RANK(O105, $B105:$O105)) -> #N/A

Sheet Página8
B2: A regra para pontuação ficou assim:
B3: Acerto no resultado do jogo ("time 1 vence time 2", "time 1 perde do time 2" ou "empate): 2 pontos
B4: Acerto no número de gols marcado pelo time: 1 ponto
B5: Bônus ao acertar o placar exato do jogo: 1 ponto
B7: Tabela de exemplos de pontuação:
B8: Jogo Real | C8: Palpite | D8: Cálculo dos Pontos | E8: Total
B9: 2 x 1 | C9: 2 x 1 | D9: 2 (res) + 1 (gol1) + 1 (gol2) + 1 (bônus) | E9: 5 pts
B10: 2 x 1 | C10: 2 x 0 | D10: 2 (res) + 1 (gol1) + 0 (gol2) + 0 (bônus) | E10: 3 pts
B11: 1 x 1 | C11: 0 x 0 | D11: 2 (res) + 0 (gol1) + 0 (gol2) + 0 (bônus) | E11: 2 pts
B12: 0 x 3 | C12: 1 x 3 | D12: 2 (res) + 0 (gol1) + 1 (gol2) + 0 (bônus) | E12: 3 pts
B13: 2 x 1 | C13: (vazio) | D13: Jogador não preencheu | E13: 0 pts
